"Login";"Email";"Email1";"Email2";"Email3";"Email4";"Email5";"Firstname";"Lastname";"Title";"Street";"City";"Zip";"Country";"Phone";"Mobile";"Fax";"Comment";"PrimaryOrganisationID";"ValidID";"Password";"Roles";"IsAgent";"IsCustomer";"DynamicField_Source";"OrgNumbers"
"contact001";"contact001@nomail.org";"contact001-2ndmail@nomail.com";"contact001-3rdmail@nomail.com";"contact001-4thmail@nomail.com";"contact001-5thmail@nomail.com";"contact001-6thmail@nomail.com";"Max";"Mustermann";"Herr";;;;;"+49 123 45 67 8";"+49 170 111 222 333";"-";"-";"MAMU";1;"PASSw0rd";"Customer";;"1";"CSV file";"MAMU,OSSI"
"contact002";"contact002@nomail.org";"contact002-2ndmail@nomail.com";"contact002-3rdmail@nomail.com";"contact002-4thmail@nomail.com";"contact002-5thmail@nomail.com";"contact002-6thmail@nomail.com";"Albert";"Schweitzer";"Herr";;;;;"+49 123 45 67 8";"+49 170 111 222 333";"-";"-";"AMK";1;"PASSw0rd";"Customer";;"1";"CSV file";"AMK,OSSI"
"contact003";"contact003@nomail.org";"contact003-2ndmail@nomail.com";"contact003-3rdmail@nomail.com";"contact003-4thmail@nomail.com";"contact003-5thmail@nomail.com";"contact003-6thmail@nomail.com";"Robert";"Koch";"Herr";;;;;"+49 123 45 67 8";"+49 170 111 222 333";"-";"-";"AMK";1;"PASSw0rd";"Customer";;"1";"CSV file";"AMK.OSSI"
"contact005";"contact005@nomail.org";"contact005-2ndmail@nomail.com";"contact005-3rdmail@nomail.com";"contact005-4thmail@nomail.com";"contact005-5thmail@nomail.com";"contact005-6thmail@nomail.com";"Donna";"Noble";"Frau";;"Cardiff";"CF10 4PZ";"United Kingdom";"+49 123 45 67 8";"+49 170 111 222 333";"-";"-";"TWD";1;"PASSw0rd";"Asset Reader,Customer Reader,FAQ Reader,Report User,Ticket Agent Base Permission,Ticket Agent (Servicedesk)";"1";"1";"CSV file";
"contact006";"contact006@nomail.org";"contact006-2ndmail@nomail.com";"contact006-3rdmail@nomail.com";"contact006-4thmail@nomail.com";"contact006-5thmail@nomail.com";;"Mickey";"Smith";"Herr";;"Cardiff";"CF10 4PZ";"United Kingdom";"+49 123 45 67 8";"+49 170 111 222 333";"-";"-";"TWD";1;"PASSw0rd";"Asset Reader,Customer Reader,FAQ Reader,Report User,Ticket Agent Base Permission,Ticket Agent (Servicedesk)";"1";"1";"CSV file";
"contact007";"contact007@nomail.org";"contact007-2ndmail@nomail.com";"contact007-3rdmail@nomail.com";"contact007-4thmail@nomail.com";"contact007-5thmail@nomail.com";;"Martha";"Jones";"Frau";;"Cardiff";"CF10 4PZ";"United Kingdom";"+49 123 45 67 8";"+49 170 111 222 333";"-";"-";"TWD";1;"PASSw0rd";"Asset Reader,Customer Reader,FAQ Reader,Report User,Ticket Agent Base Permission,Ticket Agent (Servicedesk)";"1";"1";"CSV file";
"contact008";"contact008@nomail.org";"contact008-2ndmail@nomail.com";"contact008-3rdmail@nomail.com";"contact008-4thmail@nomail.com";"contact008-5thmail@nomail.com";;"Jack";"Harkness";"Herr";;"Cardiff";"CF10 4PZ";"United Kingdom";"+49 123 45 67 8";"+49 170 111 222 333";"-";"-";"TWD";1;"PASSw0rd";"Asset Reader,Customer Reader,FAQ Reader,Report User,Ticket Agent Base Permission,Ticket Agent (Servicedesk)";"1";"1";"CSV file";
"contact009";"contact009@nomail.org";"contact009-2ndmail@nomail.com";"contact009-3rdmail@nomail.com";"contact009-4thmail@nomail.com";"contact009-5thmail@nomail.com";;"Rose";"Tyler";"Frau";;"Cardiff";"CF10 4PZ";"United Kingdom";"+49 123 45 67 8";"+49 170 111 222 333";"-";"-";"TWD";1;"PASSw0rd";"Asset Reader,Customer Reader,FAQ Reader,Report User,Ticket Agent Base Permission,Ticket Agent (Servicedesk)";"1";"1";"CSV file";
"contact010";"contact010@nomail.org";"contact010-2ndmail@nomail.com";"contact010-3rdmail@nomail.com";"contact010-4thmail@nomail.com";;;"Sarah Jane";"Smith";"Frau";;"Cardiff";"CF10 4PZ";"United Kingdom";"+49 123 45 67 8";"+49 170 111 222 333";"-";"-";"TWD";1;"PASSw0rd";"Asset Reader,Customer Reader,FAQ Reader,Report User,Ticket Agent Base Permission,Ticket Agent (Servicedesk)";"1";"1";"CSV file";
"contact011";"contact011@nomail.org";"contact011-2ndmail@nomail.com";"contact011-3rdmail@nomail.com";"contact011-4thmail@nomail.com";;;"Amy";"Pond";"Frau";;"Cardiff";"CF10 4PZ";"United Kingdom";"+49 123 45 67 8";"+49 170 111 222 333";"-";"-";"TWD";1;"PASSw0rd";"Asset Reader,Customer Reader,FAQ Reader,Report User,Ticket Agent Base Permission,Ticket Agent (Servicedesk)";"1";"1";"CSV file";
"contact012";"contact012@nomail.org";"contact012-2ndmail@nomail.com";"contact012-3rdmail@nomail.com";"contact012-4thmail@nomail.com";;;"Rory";"Williams";"Herr";;"Cardiff";"CF10 4PZ";"United Kingdom";"+49 123 45 67 8";"+49 170 111 222 333";"-";"-";"TWD";1;"PASSw0rd";"Asset Reader,Customer Reader,FAQ Reader,Report User,Ticket Agent Base Permission,Ticket Agent (Servicedesk)";"1";"1";"CSV file";
"contact013";"contact013@nomail.org";"contact013-2ndmail@nomail.com";"contact013-3rdmail@nomail.com";"contact013-4thmail@nomail.com";;;"Clara";"Oswald";"Frau";;"Cardiff";"CF10 4PZ";"United Kingdom";"+49 123 45 67 8";"+49 170 111 222 333";"-";"-";"TWD";1;"PASSw0rd";"Asset Reader,Customer Reader,FAQ Reader,Report User,Ticket Agent Base Permission,Ticket Agent (Servicedesk)";"1";"1";"CSV file";
"contact014";"contact014@nomail.org";"contact014-2ndmail@nomail.com";"contact014-3rdmail@nomail.com";;;;"Adam";"Mitchel";"Herr";;"Cardiff";"CF10 4PZ";"United Kingdom";"+49 123 45 67 8";"+49 170 111 222 333";"-";"-";"TWD";1;"PASSw0rd";"Asset Reader,Customer Reader,FAQ Reader,Report User,Ticket Agent Base Permission,Ticket Agent (Servicedesk)";"1";"1";"CSV file";
"contact015";"contact015@nomail.org";"contact015-2ndmail@nomail.com";"contact015-3rdmail@nomail.com";;;;"Bill";"Potts";"Frau";;"Cardiff";"CF10 4PZ";"United Kingdom";"+49 123 45 67 8";"+49 170 111 222 333";"-";"-";"TWD";1;"PASSw0rd";"Asset Reader,Customer Reader,FAQ Reader,Report User,Ticket Agent Base Permission,Ticket Agent (Servicedesk)";"1";"1";"CSV file";
"contact016";"contact016@nomail.org";"contact016-2ndmail@nomail.com";"contact016-3rdmail@nomail.com";;;;"Ryan";"Sinclair";"Herr";;"Cardiff";"CF10 4PZ";"United Kingdom";"+49 123 45 67 8";"+49 170 111 222 333";"-";"-";"TWD";1;"PASSw0rd";"Asset Reader,Customer Reader,FAQ Reader,Report User,Ticket Agent Base Permission,Ticket Agent (Servicedesk)";"1";"1";"CSV file";
"contact017";"contact017@nomail.org";"contact017-2ndmail@nomail.com";"contact017-3rdmail@nomail.com";;;;"Yasmin";"Khan";"Frau";;"Cardiff";"CF10 4PZ";"United Kingdom";"+49 123 45 67 8";"+49 170 111 222 333";"-";"-";"TWD";1;"PASSw0rd";"Asset Reader,Customer Reader,FAQ Reader,Report User,Ticket Agent Base Permission,Ticket Agent (Servicedesk)";"1";"1";"CSV file";
"contact018";"contact018@nomail.org";"contact018-2ndmail@nomail.com";;;;;"Graham";"Brien";"Herr";;"Cardiff";"CF10 4PZ";"United Kingdom";"+49 123 45 67 8";"+49 170 111 222 333";"-";"-";"TWD";1;"PASSw0rd";"Asset Reader,Customer Reader,FAQ Reader,Report User,Ticket Agent Base Permission,Ticket Agent (Servicedesk)";"1";"1";"CSV file";
"contact019";"contact019@nomail.org";"contact019-2ndmail@nomail.com";;;;;"Stefanie";"Kühnel";"Frau";"Schönherrstr. 8";"Chemnitz";"09113";"Germany";"+49 123 45 67 8";"+49 170 111 222 333";"-";"-";"KIX";1;"PASSw0rd";"Asset Maintainer,Customer Manager,FAQ Editor,News Manager,Report Manager,Service Contract Manager,Ticket Agent";"1";"1";"CSV file";
"contact020";"contact020@nomail.org";"contact020-2ndmail@nomail.com";;;;;"Dörte";"Hundt";"Herr";"Schönherrstr. 8";"Chemnitz";"09113";"Germany";"+49 123 45 67 8";"+49 170 111 222 333";"-";"-";"KIX";1;"PASSw0rd";"Asset Maintainer,Customer Manager,FAQ Editor,News Manager,Report Manager,Service Contract Manager,Ticket Agent";"1";"1";"CSV file";
"contact021";"contact021@nomail.org";"contact021-2ndmail@nomail.com";;;;;"Clara";"Clemencik";"Frau";"Schönherrstr. 8";"Chemnitz";"09113";"Germany";"+49 123 45 67 8";"+49 170 111 222 333";"-";"-";"KIX";1;"PASSw0rd";"Asset Maintainer,Customer Manager,FAQ Editor,News Manager,Report Manager,Service Contract Manager,Ticket Agent";"1";"1";"CSV file";
"contact022";"contact022@nomail.org";"contact022-2ndmail@nomail.com";;;;;"Detlef";"Wutzke";"Herr";"Schönherrstr. 8";"Chemnitz";"09113";"Germany";"+49 123 45 67 8";"+49 170 111 222 333";"-";"-";"KIX";1;"PASSw0rd";"Asset Maintainer,Customer Manager,FAQ Editor,News Manager,Report Manager,Service Contract Manager,Ticket Agent";"1";"1";"CSV file";
"contact023";"contact023@nomail.org";"contact023-2ndmail@nomail.com";;;;;"Andre";"Taler";"Herr";"Schönherrstr. 8";"Chemnitz";"09113";"Germany";"+49 123 45 67 8";"+49 170 111 222 333";"-";"-";"KIX";1;"PASSw0rd";"Asset Maintainer,Customer Manager,FAQ Editor,News Manager,Report Manager,Service Contract Manager,Ticket Agent";"1";"1";"CSV file";
"contact024";"contact024@nomail.org";"contact024-2ndmail@nomail.com";;;;;"Max";"Jäger";"Herr";"Manfred-von-Ardenne-Ring 20";"Dresden";"01099";"Germany";"+49 123 45 67 8";"+49 170 111 222 333";"-";"-";"KIX";1;"PASSw0rd";"Asset Maintainer,Customer Manager,FAQ Editor,News Manager,Report Manager,Service Contract Manager,Ticket Agent";"1";"1";"CSV file";
"contact025";"contact025@nomail.org";"contact025-2ndmail@nomail.com";;;;;"Mihailo";"Kaplaravec";"Herr";"Manfred-von-Ardenne-Ring 20";"Dresden";"01099";"Germany";"+49 123 45 67 8";"+49 170 111 222 333";"-";"-";"KIX";1;"PASSw0rd";"Asset Maintainer,Customer Manager,FAQ Editor,News Manager,Report Manager,Service Contract Manager,Ticket Agent";"1";"1";"CSV file";
"contact026";"contact026@nomail.org";"contact026-2ndmail@nomail.com";;;;;"Mike";"Schwarzkopf";"Herr";"Manfred-von-Ardenne-Ring 20";"Dresden";"01099";"Germany";"+49 123 45 67 8";"+49 170 111 222 333";"-";"-";"KIX";1;"PASSw0rd";"Asset Maintainer,Customer Manager,FAQ Editor,News Manager,Report Manager,Service Contract Manager,Ticket Agent";"1";"1";"CSV file";
"contact027";"contact027@nomail.org";"contact027-2ndmail@nomail.com";;;;;"Thomas";"Lehmann";"Herr";"Manfred-von-Ardenne-Ring 20";"Dresden";"01099";"Germany";"+49 123 45 67 8";"+49 170 111 222 333";"-";"-";"KIX";1;"PASSw0rd";"Asset Maintainer,Customer Manager,FAQ Editor,News Manager,Report Manager,Service Contract Manager,Ticket Agent";"1";"1";"CSV file";
"contact028";"contact028@nomail.org";"contact028-2ndmail@nomail.com";;;;;"Steffen";"Hebel";"Herr";"Manfred-von-Ardenne-Ring 20";"Dresden";"01099";"Germany";"+49 123 45 67 8";"+49 170 111 222 333";"-";"-";"KIX";1;"PASSw0rd";"Asset Maintainer,Customer Manager,FAQ Editor,News Manager,Report Manager,Service Contract Manager,Ticket Agent";"1";"1";"CSV file";
"contact029";"contact029@nomail.org";"contact029-2ndmail@nomail.com";;;;;"Sören";"Wollenda";"Herr";"Manfred-von-Ardenne-Ring 20";"Dresden";"01099";"Germany";"+49 123 45 67 8";"+49 170 111 222 333";"-";"-";"KIX";1;"PASSw0rd";"Asset Maintainer,Customer Manager,FAQ Editor,News Manager,Report Manager,Service Contract Manager,Ticket Agent";"1";"1";"CSV file";
"contact030";"contact030@nomail.org";;;;;;"Karina";"Thomann";"Frau";;;;;"+49 123 45 67 8";"+49 170 111 222 333";"-";"-";"HRMSHL";1;"PASSw0rd";"Customer";;"1";"CSV file";
"contact031";"contact031@nomail.org";;;;;;"Adams";"William";"Herr";;;;;"+49 123 45 67 8";"+49 170 111 222 333";"-";"-";"ITKOM";1;"PASSw0rd";"Customer";;"1";"CSV file";
"contact034";"contact034@nomail.org";;;;;;"Francisco";"Álvares";"Herr";;;;;"+49 123 45 67 8";"+49 170 111 222 333";"-";"-";"OSSI";1;"PASSw0rd";"Customer";;"1";"CSV file";
"contact035";"contact035@nomail.org";;;;;;"Gonçalo";"Alvarez";"Herr";;;;;"+49 123 45 67 8";"+49 170 111 222 333";"-";"-";"AMK";1;"PASSw0rd";"Customer";;"1";"CSV file";
"contact036";"contact036@nomail.org";;;;;;"Roald";"Amundsen";"Herr";;;;;"+49 123 45 67 8";"+49 170 111 222 333";"-";"-";"EMA";1;"PASSw0rd";"Customer";;"1";"CSV file";
"contact037";"contact037@nomail.org";;;;;;"William";"Anderson";"Herr";;;;;"+49 123 45 67 8";"+49 170 111 222 333";"-";"-";"ACDC";1;"PASSw0rd";"Customer";;"1";"CSV file";
"contact038";"contact038@nomail.org";;;;;;"Salomon";"Andrée";"Herr";;;;;"+49 123 45 67 8";"+49 170 111 222 333";"-";"-";"OLOG";1;"PASSw0rd";"Customer";;"1";"CSV file";
"contact039";"contact039@nomail.org";;;;;;"Roy Chapman";"Andrews";"Herr";;;;;"+49 123 45 67 8";"+49 170 111 222 333";"-";"-";"OSG";1;"PASSw0rd";"Customer";;"1";"CSV file";
"contact040";"contact040@nomail.org";;;;;;"Jehan";"Ango";"Herr";;;;;"+49 123 45 67 8";"+49 170 111 222 333";"-";"-";"SWG";1;"PASSw0rd";"Customer";;"1";"CSV file";
"contact041";"contact041@nomail.org";;;;;;"Pjotr Fjodorowitsch";"Anschu";"Herr";;;;;"+49 123 45 67 8";"+49 170 111 222 333";"-";"-";"CCSW";1;"PASSw0rd";"Customer";;"1";"CSV file";
"contact042";"contact042@nomail.org";;;;;;"Henryk";"Arctowski";"Herr";;;;;"+49 123 45 67 8";"+49 170 111 222 333";"-";"-";"LEM";1;"PASSw0rd";"Customer";;"1";"CSV file";
"contact043";"contact043@nomail.org";;;;;;"Neil";"Armstrong";"Herr";;;;;"+49 123 45 67 8";"+49 170 111 222 333";"-";"-";"HMS";1;"PASSw0rd";"Customer";;"1";"CSV file";
"contact044";"contact044@nomail.org";;;;;;"Wladimir";"Arsenjew";"Herr";;;;;"+49 123 45 67 8";"+49 170 111 222 333";"-";"-";"PPFA";1;"PASSw0rd";"Customer";;"1";"CSV file";
"contact045";"contact045@nomail.org";;;;;;"Väinö";"Auer";"Herr";;;;;"+49 123 45 67 8";"+49 170 111 222 333";"-";"-";"247L";1;"PASSw0rd";"Customer";;"1";"CSV file";
"contact046";"contact046@nomail.org";;;;;;"Peter";"Aufschnaiter";"Herr";;;;;"+49 123 45 67 8";"+49 170 111 222 333";"-";"-";"AVENT";1;"PASSw0rd";"Customer";;"1";"CSV file";
"contact047";"contact047@nomail.org";;;;;;"George";"Back";"Herr";;;;;"+49 123 45 67 8";"+49 170 111 222 333";"-";"-";"HOCT";1;"PASSw0rd";"Customer";;"1";"CSV file";
"contact048";"contact048@nomail.org";;;;;;"William";"Baffin";"Herr";;;;;"+49 123 45 67 8";"+49 170 111 222 333";"-";"-";"SK24";1;"PASSw0rd";"Customer";;"1";"CSV file";
"contact049";"contact049@nomail.org";;;;;;"Samuel White";"Baker";"Herr";;;;;"+49 123 45 67 8";"+49 170 111 222 333";"-";"-";"FAK";1;"PASSw0rd";"Customer";;"1";"CSV file";
"contact050";"contact050@nomail.org";;;;;;"Jacques";"Balmat";"Herr";;;;;"+49 123 45 67 8";"+49 170 111 222 333";"-";"-";"TKS";1;"PASSw0rd";"Customer";;"1";"CSV file";
"contact051";"contact051@nomail.org";;;;;;"Willem";"Barents";"Herr";;;;;"+49 123 45 67 8";"+49 170 111 222 333";"-";"-";"RLHAM";1;"PASSw0rd";"Customer";;"1";"CSV file";
"contact052";"contact052@nomail.org";;;;;;"Heinrich";"Barth";"Herr";;;;;"+49 123 45 67 8";"+49 170 111 222 333";"-";"-";"NGTWD";1;"PASSw0rd";"Customer";;"1";"CSV file";
"contact053";"contact053@nomail.org";;;;;;"Robert";"Bartlett";"Herr";;;;;"+49 123 45 67 8";"+49 170 111 222 333";"-";"-";"MHHS";1;"PASSw0rd";"Customer";;"1";"CSV file";
"contact054";"contact054@nomail.org";;;;;;"George";"Bass";"Herr";;;;;"+49 123 45 67 8";"+49 170 111 222 333";"-";"-";"WIW";1;"PASSw0rd";"Customer";;"1";"CSV file";
"contact055";"contact055@nomail.org";;;;;;"Henry Walter";"Bates";"Herr";;;;;"+49 123 45 67 8";"+49 170 111 222 333";"-";"-";"FIT";1;"PASSw0rd";"Customer";;"1";"CSV file";
"contact056";"contact056@nomail.org";;;;;;"Nicolas";"Baudin";"Herr";;;;;"+49 123 45 67 8";"+49 170 111 222 333";"-";"-";"ALB";1;"PASSw0rd";"Customer";;"1";"CSV file";
"contact057";"contact057@nomail.org";;;;;;"Oscar";"Baumann";"Herr";;;;;"+49 123 45 67 8";"+49 170 111 222 333";"-";"-";"DHZ";1;"PASSw0rd";"Customer";;"1";"CSV file";
"contact058";"contact058@nomail.org";;;;;;"William";"Becknell";"Herr";;;;;"+49 123 45 67 8";"+49 170 111 222 333";"-";"-";"KAFF";1;"PASSw0rd";"Customer";;"1";"CSV file";
"contact059";"contact059@nomail.org";;;;;;"Charles William";"Beebe";"Herr";;;;;"+49 123 45 67 8";"+49 170 111 222 333";"-";"-";"MES";1;"PASSw0rd";"Customer";;"1";"CSV file";
"contact060";"contact060@nomail.org";;;;;;"Frederick William";"Beechey";"Herr";;;;;"+49 123 45 67 8";"+49 170 111 222 333";"-";"-";"LPS";1;"PASSw0rd";"Customer";;"1";"CSV file";
"contact061";"contact061@nomail.org";;;;;;"Edward";"Belcher";"Herr";;;;;"+49 123 45 67 8";"+49 170 111 222 333";"-";"-";"BERC";1;"PASSw0rd";"Customer";;"1";"CSV file";
"contact062";"contact062@nomail.org";;;;;;"Joseph-René";"Bellot";"Herr";;;;;"+49 123 45 67 8";"+49 170 111 222 333";"-";"-";"ERW";1;"PASSw0rd";"Customer";;"1";"CSV file";
"contact063";"contact063@nomail.org";;;;;;"Giovanni";"Beltrame";"Herr";;;;;"+49 123 45 67 8";"+49 170 111 222 333";"-";"-";"BWLC";1;"PASSw0rd";"Customer";;"1";"CSV file";
"contact064";"contact064@nomail.org";;;;;;"Giovanni Battista";"Belzoni";"Herr";;;;;"+49 123 45 67 8";"+49 170 111 222 333";"-";"-";"HMG";1;"PASSw0rd";"Customer";;"1";"CSV file";
"contact065";"contact065@nomail.org";;;;;;"Moric";"Benovsky";"Herr";;;;;"+49 123 45 67 8";"+49 170 111 222 333";"-";"-";"MCC";1;"PASSw0rd";"Customer";;"1";"CSV file";
"contact066";"contact066@nomail.org";;;;;;"Vitus";"Bering";"Herr";;;;;"+49 123 45 67 8";"+49 170 111 222 333";"-";"-";"HRMSHL";1;"PASSw0rd";"Customer";;"1";"CSV file";
"contact067";"contact067@nomail.org";;;;;;"Louis-Gustave";"Binger";"Herr";;;;;"+49 123 45 67 8";"+49 170 111 222 333";"-";"-";"ITKOM";1;"PASSw0rd";"Customer";;"1";"CSV file";
"contact068";"contact068@nomail.org";;;;;;"Hiram";"Bingham";"Herr";;;;;"+49 123 45 67 8";"+49 170 111 222 333";"-";"-";"MDI";1;"PASSw0rd";"Customer";;"1";"CSV file";
"contact069";"contact069@nomail.org";;;;;;"John";"Biscoe";"Herr";;;;;"+49 123 45 67 8";"+49 170 111 222 333";"-";"-";"R2T2";1;"PASSw0rd";"Customer";;"1";"CSV file";
"contact070";"contact070@nomail.org";;;;;;"Gregory";"Blaxland";"Herr";;;;;"+49 123 45 67 8";"+49 170 111 222 333";"-";"-";"OSSI";1;"PASSw0rd";"Customer";;"1";"CSV file";
"contact071";"contact071@nomail.org";;;;;;"Loius";"Blériot";"Herr";;;;;"+49 123 45 67 8";"+49 170 111 222 333";"-";"-";"AMK";1;"PASSw0rd";"Customer";;"1";"CSV file";
"contact072";"contact072@nomail.org";;;;;;"William";"Bligh";"Herr";;;;;"+49 123 45 67 8";"+49 170 111 222 333";"-";"-";"EMA";1;"PASSw0rd";"Customer";;"1";"CSV file";
"contact073";"contact073@nomail.org";;;;;;"Daniel";"Boone";"Herr";;;;;"+49 123 45 67 8";"+49 170 111 222 333";"-";"-";"ACDC";1;"PASSw0rd";"Customer";;"1";"CSV file";
"contact074";"contact074@nomail.org";;;;;;"Carsten Egeberg";"Borchgrevink";"Herr";;;;;"+49 123 45 67 8";"+49 170 111 222 333";"-";"-";"OLOG";1;"PASSw0rd";"Customer";;"1";"CSV file";
"contact075";"contact075@nomail.org";;;;;;"Vittorio";"Bottego";"Herr";;;;;"+49 123 45 67 8";"+49 170 111 222 333";"-";"-";"OSG";1;"PASSw0rd";"Customer";;"1";"CSV file";
"contact076";"contact076@nomail.org";;;;;;"Charles";"Bouvet";"Herr";;;;;"+49 123 45 67 8";"+49 170 111 222 333";"-";"-";"SWG";1;"PASSw0rd";"Customer";;"1";"CSV file";
"contact077";"contact077@nomail.org";;;;;;"Henry";"Bowers";"Herr";;;;;"+49 123 45 67 8";"+49 170 111 222 333";"-";"-";"CCSW";1;"PASSw0rd";"Customer";;"1";"CSV file";
"contact078";"contact078@nomail.org";;;;;;"Edward";"Bransfield";"Herr";;;;;"+49 123 45 67 8";"+49 170 111 222 333";"-";"-";"LEM";1;"PASSw0rd";"Customer";;"1";"CSV file";
"contact079";"contact079@nomail.org";;;;;;"Peter";"Brazza";"Herr";;;;;"+49 123 45 67 8";"+49 170 111 222 333";"-";"-";"HMS";1;"PASSw0rd";"Customer";;"1";"CSV file";
"contact080";"contact080@nomail.org";;;;;;"James";"Bridger";"Herr";;;;;"+49 123 45 67 8";"+49 170 111 222 333";"-";"-";"PPFA";1;"PASSw0rd";"Customer";;"1";"CSV file";
"contact081";"contact081@nomail.org";;;;;;"William Georg";"Browne";"Herr";;;;;"+49 123 45 67 8";"+49 170 111 222 333";"-";"-";"247L";1;"PASSw0rd";"Customer";;"1";"CSV file";
"contact082";"contact082@nomail.org";;;;;;"James";"Bruce";"Herr";;;;;"+49 123 45 67 8";"+49 170 111 222 333";"-";"-";"AVENT";1;"PASSw0rd";"Customer";;"1";"CSV file";
"contact083";"contact083@nomail.org";;;;;;"William Speirs";"Bruce";"Herr";;;;;"+49 123 45 67 8";"+49 170 111 222 333";"-";"-";"HOCT";1;"PASSw0rd";"Customer";;"1";"CSV file";
"contact084";"contact084@nomail.org";;;;;;"Étienne";"Brûlé";"Herr";;;;;"+49 123 45 67 8";"+49 170 111 222 333";"-";"-";"SK24";1;"PASSw0rd";"Customer";;"1";"CSV file";
"contact085";"contact085@nomail.org";;;;;;"Antoinette";"Brun-Rollet";"Frau";;;;;"+49 123 45 67 8";"+49 170 111 222 333";"-";"-";"FAK";1;"PASSw0rd";"Customer";;"1";"CSV file";
"contact086";"contact086@nomail.org";;;;;;"Thomas";"Brunner";"Herr";;;;;"+49 123 45 67 8";"+49 170 111 222 333";"-";"-";"TKS";1;"PASSw0rd";"Customer";;"1";"CSV file";
"contact087";"contact087@nomail.org";;;;;;"Georgi Lwowitsch";"Brussiliow";"Herr";;;;;"+49 123 45 67 8";"+49 170 111 222 333";"-";"-";"RLHAM";1;"PASSw0rd";"Customer";;"1";"CSV file";
"contact088";"contact088@nomail.org";;;;;;"Alexandra";"Bunge";"Frau";;;;;"+49 123 45 67 8";"+49 170 111 222 333";"-";"-";"NGTWD";1;"PASSw0rd";"Customer";;"1";"CSV file";
"contact089";"contact089@nomail.org";;;;;;"Leonie";"Bunnell";"Frau";;;;;"+49 123 45 67 8";"+49 170 111 222 333";"-";"-";"MHHS";1;"PASSw0rd";"Customer";;"1";"CSV file";
"contact090";"contact090@nomail.org";;;;;;"Jenny";"Burckhardt";"Frau";;;;;"+49 123 45 67 8";"+49 170 111 222 333";"-";"-";"WIW";1;"PASSw0rd";"Customer";;"1";"CSV file";
"contact091";"contact091@nomail.org";;;;;;"Robert O'Hara";"Burke";"Herr";;;;;"+49 123 45 67 8";"+49 170 111 222 333";"-";"-";"FIT";1;"PASSw0rd";"Customer";;"1";"CSV file";
"contact092";"contact092@nomail.org";;;;;;"William Gordon";"Burn-Murdoch";"Herr";;;;;"+49 123 45 67 8";"+49 170 111 222 333";"-";"-";"ALB";1;"PASSw0rd";"Customer";;"1";"CSV file";
"contact093";"contact093@nomail.org";;;;;;"Richard Francis";"Burton";"Herr";;;;;"+49 123 45 67 8";"+49 170 111 222 333";"-";"-";"DHZ";1;"PASSw0rd";"Customer";;"1";"CSV file";
"contact094";"contact094@nomail.org";;;;;;"Oskar Alexander";"Büttner";"Herr";;;;;"+49 123 45 67 8";"+49 170 111 222 333";"-";"-";"KAFF";1;"PASSw0rd";"Customer";;"1";"CSV file";
"contact095";"contact095@nomail.org";;;;;;"Thomas";"Button";"Herr";;;;;"+49 123 45 67 8";"+49 170 111 222 333";"-";"-";"MES";1;"PASSw0rd";"Customer";;"1";"CSV file";
"contact096";"contact096@nomail.org";;;;;;"Roberta";"Bylot";"Frau";;;;;"+49 123 45 67 8";"+49 170 111 222 333";"-";"-";"LPS";1;"PASSw0rd";"Customer";;"1";"CSV file";
"contact097";"contact097@nomail.org";;;;;;"Richard E.";"Byrd";"Herr";;;;;"+49 123 45 67 8";"+49 170 111 222 333";"-";"-";"BERC";1;"PASSw0rd";"Customer";;"1";"CSV file";
"contact098";"contact098@nomail.org";;;;;;"John";"Byron";"Herr";;;;;"+49 123 45 67 8";"+49 170 111 222 333";"-";"-";"ERW";1;"PASSw0rd";"Customer";;"1";"CSV file";
"contact099";"contact099@nomail.org";;;;;;"Giovanni";"Caboto";"Herr";;;;;"+49 123 45 67 8";"+49 170 111 222 333";"-";"-";"BWLC";1;"PASSw0rd";"Customer";;"1";"CSV file";
"contact100";"contact100@nomail.org";;;;;;"Sebastian";"Caboto";"Herr";;;;;"+49 123 45 67 8";"+49 170 111 222 333";"-";"-";"HMG";1;"PASSw0rd";"Customer";;"1";"CSV file";
"contact101";"contact101@nomail.org";;;;;;"Pedro Álvares";"Cabral";"Herr";;;;;"+49 123 45 67 8";"+49 170 111 222 333";"-";"-";"MCC";1;"PASSw0rd";"Customer";;"1";"CSV file";
"contact102";"contact102@nomail.org";;;;;;"João Rodrigues";"Cabrilho";"Herr";;;;;"+49 123 45 67 8";"+49 170 111 222 333";"-";"-";"HRMSHL";1;"PASSw0rd";"Customer";;"1";"CSV file";
"contact103";"contact103@nomail.org";;;;;;"Alvise";"Cadamosto";"Herr";;;;;"+49 123 45 67 8";"+49 170 111 222 333";"-";"-";"ITKOM";1;"PASSw0rd";"Customer";;"1";"CSV file";
"contact104";"contact104@nomail.org";;;;;;"Umberto";"Cagni";"Herr";;;;;"+49 123 45 67 8";"+49 170 111 222 333";"-";"-";"MDI";1;"PASSw0rd";"Customer";;"1";"CSV file";
"contact105";"contact105@nomail.org";;;;;;"Frederic";"Cailliaud";"Herr";;;;;"+49 123 45 67 8";"+49 170 111 222 333";"-";"-";"R2T2";1;"PASSw0rd";"Customer";;"1";"CSV file";
"contact106";"contact106@nomail.org";;;;;;"René";"Freymann";"Frau";;;;;"+49 123 45 67 8";"+49 170 111 222 333";"-";"-";"OSSI";1;"PASSw0rd";"Customer";;"1";"CSV file";
"contact107";"contact107@nomail.org";;;;;;"Ernest François";"Cambier";"Herr";;;;;"+49 123 45 67 8";"+49 170 111 222 333";"-";"-";"AMK";1;"PASSw0rd";"Customer";;"1";"CSV file";
"contact108";"contact108@nomail.org";;;;;;"Diogo";"Cão";"Herr";;;;;"+49 123 45 67 8";"+49 170 111 222 333";"-";"-";"EMA";1;"PASSw0rd";"Customer";;"1";"CSV file";
"contact109";"contact109@nomail.org";;;;;;"Giovanni Piano";"Carpini";"Herr";;;;;"+49 123 45 67 8";"+49 170 111 222 333";"-";"-";"ACDC";1;"PASSw0rd";"Customer";;"1";"CSV file";
"contact110";"contact110@nomail.org";;;;;;"Jan";"Carstenszoon";"Herr";;;;;"+49 123 45 67 8";"+49 170 111 222 333";"-";"-";"OLOG";1;"PASSw0rd";"Customer";;"1";"CSV file";
"contact111";"contact111@nomail.org";;;;;;"Howard";"Carter";"Herr";;;;;"+49 123 45 67 8";"+49 170 111 222 333";"-";"-";"OSG";1;"PASSw0rd";"Customer";;"1";"CSV file";
"contact112";"contact112@nomail.org";;;;;;"Philippa";"Carteret";"Frau";;;;;"+49 123 45 67 8";"+49 170 111 222 333";"-";"-";"SWG";1;"PASSw0rd";"Customer";;"1";"CSV file";
"contact113";"contact113@nomail.org";;;;;;"Phillipp";"Carteret";"Herr";;;;;"+49 123 45 67 8";"+49 170 111 222 333";"-";"-";"CCSW";1;"PASSw0rd";"Customer";;"1";"CSV file";
"contact114";"contact114@nomail.org";;;;;;"Jacques";"Cartier";"Herr";;;;;"+49 123 45 67 8";"+49 170 111 222 333";"-";"-";"LEM";1;"PASSw0rd";"Customer";;"1";"CSV file";
"contact115";"contact115@nomail.org";;;;;;"Jonathan";"Carver";"Herr";;;;;"+49 123 45 67 8";"+49 170 111 222 333";"-";"-";"HMS";1;"PASSw0rd";"Customer";;"1";"CSV file";
"contact116";"contact116@nomail.org";;;;;;"Roger";"Casement";"Herr";;;;;"+49 123 45 67 8";"+49 170 111 222 333";"-";"-";"PPFA";1;"PASSw0rd";"Customer";;"1";"CSV file";
"contact117";"contact117@nomail.org";;;;;;"George";"Catlin";"Herr";;;;;"+49 123 45 67 8";"+49 170 111 222 333";"-";"-";"247L";1;"PASSw0rd";"Customer";;"1";"CSV file";"247L,CCSW,TWD"
"contact118";"contact118@nomail.org";;;;;;"Thomas";"Cavendish";"Herr";;;;;"+49 123 45 67 8";"+49 170 111 222 333";"-";"-";"AVENT";1;"PASSw0rd";"Customer";;"1";"CSV file";
"contact119";"contact119@nomail.org";;;;;;"Antonio";"Cecchi";"Herr";;;;;"+49 123 45 67 8";"+49 170 111 222 333";"-";"-";"HOCT";1;"PASSw0rd";"Customer";;"1";"CSV file";
"contact120";"contact120@nomail.org";;;;;;"Jerofei Pawlowitsch";"Chabarow";"Herr";;;;;"+49 123 45 67 8";"+49 170 111 222 333";"-";"-";"SK24";1;"PASSw0rd";"Customer";;"1";"CSV file";
"contact121";"contact121@nomail.org";;;;;;"Charles";"Chaillé-Long";"Herr";;;;;"+49 123 45 67 8";"+49 170 111 222 333";"-";"-";"FAK";1;"PASSw0rd";"Customer";;"1";"CSV file";
"contact122";"contact122@nomail.org";;;;;;"Nikolai Wladimirowitsch";"Chanykow";"Herr";;;;;"+49 123 45 67 8";"+49 170 111 222 333";"-";"-";"TKS";1;"PASSw0rd";"Customer";;"1";"CSV file";
"contact123";"contact123@nomail.org";;;;;;"Jean-Baptiste";"Charcot";"Herr";;;;;"+49 123 45 67 8";"+49 170 111 222 333";"-";"-";"RLHAM";1;"PASSw0rd";"Customer";;"1";"CSV file";
"contact124";"contact124@nomail.org";;;;;;"Joseph";"Chavanne";"Herr";;;;;"+49 123 45 67 8";"+49 170 111 222 333";"-";"-";"NGTWD";1;"PASSw0rd";"Customer";;"1";"CSV file";
"contact125";"contact125@nomail.org";;;;;;"George";"Cherrie";"Herr";;;;;"+49 123 45 67 8";"+49 170 111 222 333";"-";"-";"MHHS";1;"PASSw0rd";"Customer";;"1";"CSV file";
"contact126";"contact126@nomail.org";;;;;;"Apsley";"Cherry-Garrard";"Herr";;;;;"+49 123 45 67 8";"+49 170 111 222 333";"-";"-";"WIW";1;"PASSw0rd";"Customer";;"1";"CSV file";
"contact127";"contact127@nomail.org";;;;;;"Carl";"Chun";"Herr";;;;;"+49 123 45 67 8";"+49 170 111 222 333";"-";"-";"FIT";1;"PASSw0rd";"Customer";;"1";"CSV file";
"contact128";"contact128@nomail.org";;;;;;"Hugh";"Clapperton";"Herr";;;;;"+49 123 45 67 8";"+49 170 111 222 333";"-";"-";"ALB";1;"PASSw0rd";"Customer";;"1";"CSV file";
"contact129";"contact129@nomail.org";;;;;;"Georges";"Claraz";"Herr";;;;;"+49 123 45 67 8";"+49 170 111 222 333";"-";"-";"DHZ";1;"PASSw0rd";"Customer";;"1";"CSV file";
"contact130";"contact130@nomail.org";;;;;;"George Rogers";"Clark";"Herr";;;;;"+49 123 45 67 8";"+49 170 111 222 333";"-";"-";"KAFF";1;"PASSw0rd";"Customer";;"1";"CSV file";
"contact131";"contact131@nomail.org";;;;;;"William";"Clark";"Herr";;;;;"+49 123 45 67 8";"+49 170 111 222 333";"-";"-";"MES";1;"PASSw0rd";"Customer";;"1";"CSV file";
"contact132";"contact132@nomail.org";;;;;;"Penelope";"Clerke";"Frau";;;;;"+49 123 45 67 8";"+49 170 111 222 333";"-";"-";"LPS";1;"PASSw0rd";"Customer";;"1";"CSV file";
"contact133";"contact133@nomail.org";;;;;;"John";"Colter";"Herr";;;;;"+49 123 45 67 8";"+49 170 111 222 333";"-";"-";"BERC";1;"PASSw0rd";"Customer";;"1";"CSV file";
"contact134";"contact134@nomail.org";;;;;;"Thomas";"Comber";"Herr";;;;;"+49 123 45 67 8";"+49 170 111 222 333";"-";"-";"ERW";1;"PASSw0rd";"Customer";;"1";"CSV file";
"contact135";"contact135@nomail.org";;;;;;"James";"Cook";"Herr";;;;;"+49 123 45 67 8";"+49 170 111 222 333";"-";"-";"BWLC";1;"PASSw0rd";"Customer";;"1";"CSV file";
"contact136";"contact136@nomail.org";;;;;;"Frederick";"Cook";"Herr";;;;;"+49 123 45 67 8";"+49 170 111 222 333";"-";"-";"HMG";1;"PASSw0rd";"Customer";;"1";"CSV file";
"contact137";"contact137@nomail.org";;;;;;"Gaspar";"Corte-Real";"Herr";;;;;"+49 123 45 67 8";"+49 170 111 222 333";"-";"-";"MCC";1;"PASSw0rd";"Customer";;"1";"CSV file";
"contact138";"contact138@nomail.org";;;;;;"João Vaz";"Corte-Real";"Herr";;;;;"+49 123 45 67 8";"+49 170 111 222 333";"-";"-";"HRMSHL";1;"PASSw0rd";"Customer";;"1";"CSV file";
"contact139";"contact139@nomail.org";;;;;;"Miguel";"Corte-Real";"Herr";;;;;"+49 123 45 67 8";"+49 170 111 222 333";"-";"-";"ITKOM";1;"PASSw0rd";"Customer";;"1";"CSV file";
"contact140";"contact140@nomail.org";;;;;;"Hernán";"Cortés";"Herr";;;;;"+49 123 45 67 8";"+49 170 111 222 333";"-";"-";"MDI";1;"PASSw0rd";"Customer";;"1";"CSV file";
"contact142";"contact142@nomail.org";;;;;;"Jacques-Yves";"Cousteau";"Herr";;;;;"+49 123 45 67 8";"+49 170 111 222 333";"-";"-";"OSSI";1;"PASSw0rd";"Customer";;"1";"CSV file";
"contact143";"contact143@nomail.org";;;;;;"Paul";"Crampel";"Herr";;;;;"+49 123 45 67 8";"+49 170 111 222 333";"-";"-";"AMK";1;"PASSw0rd";"Customer";;"1";"CSV file";
"contact144";"contact144@nomail.org";;;;;;"Thomas";"Crean";"Herr";;;;;"+49 123 45 67 8";"+49 170 111 222 333";"-";"-";"EMA";1;"PASSw0rd";"Customer";;"1";"CSV file";
"contact145";"contact145@nomail.org";;;;;;"Jules";"Crevaux";"Herr";;;;;"+49 123 45 67 8";"+49 170 111 222 333";"-";"-";"ACDC";1;"PASSw0rd";"Customer";;"1";"CSV file";
"contact146";"contact146@nomail.org";;;;;;"Balduino";"Berthold";"Herr";;;;;"+49 123 45 67 8";"+49 170 111 222 333";"-";"-";"OLOG";1;"PASSw0rd";"Customer";;"1";"CSV file";
"contact147";"contact147@nomail.org";;;;;;"Eduard";"Dallmann";"Herr";;;;;"+49 123 45 67 8";"+49 170 111 222 333";"-";"-";"OSG";1;"PASSw0rd";"Customer";;"1";"CSV file";
"contact148";"contact148@nomail.org";;;;;;"William";"Dampier";"Herr";;;;;"+49 123 45 67 8";"+49 170 111 222 333";"-";"-";"SWG";1;"PASSw0rd";"Customer";;"1";"CSV file";
"contact149";"contact149@nomail.org";;;;;;"Tannatt William Edgeworth";"David";"Herr";;;;;"+49 123 45 67 8";"+49 170 111 222 333";"-";"-";"CCSW";1;"PASSw0rd";"Customer";;"1";"CSV file";
"contact150";"contact150@nomail.org";;;;;;"Alexandra";"David-Néel";"Herr";;;;;"+49 123 45 67 8";"+49 170 111 222 333";"-";"-";"LEM";1;"PASSw0rd";"Customer";;"1";"CSV file";
"contact151";"contact151@nomail.org";;;;;;"Pedro Arias";"Dávila";"Herr";;;;;"+49 123 45 67 8";"+49 170 111 222 333";"-";"-";"HMS";1;"PASSw0rd";"Customer";;"1";"CSV file";
"contact152";"contact152@nomail.org";;;;;;"John";"Davis";"Herr";;;;;"+49 123 45 67 8";"+49 170 111 222 333";"-";"-";"PPFA";1;"PASSw0rd";"Customer";;"1";"CSV file";
"contact153";"contact153@nomail.org";;;;;;"John";"Davis";"Herr";;;;;"+49 123 45 67 8";"+49 170 111 222 333";"-";"-";"247L";1;"PASSw0rd";"Customer";"1";"1";"CSV file";"ALB"
"contact154";"contact154@nomail.org";;;;;;"Nathan";"Davis";"Herr";;;;;"+49 123 45 67 8";"+49 170 111 222 333";"-";"-";"AVENT";1;"PASSw0rd";"Customer";;"1";"CSV file";
"contact155";"contact155@nomail.org";;;;;;"Edwin Jesse";"De Haven";"Herr";;;;;"+49 123 45 67 8";"+49 170 111 222 333";"-";"-";"HOCT";1;"PASSw0rd";"Customer";;"1";"CSV file";
"contact156";"contact156@nomail.org";;;;;;"Penny";"de León";"Frau";;;;;"+49 123 45 67 8";"+49 170 111 222 333";"-";"-";"SK24";1;"PASSw0rd";"Customer";;"1";"CSV file";
"contact157";"contact157@nomail.org";;;;;;"Henri Alexis";"Deceour";"Herr";;;;;"+49 123 45 67 8";"+49 170 111 222 333";"-";"-";"FAK";1;"PASSw0rd";"Customer";;"1";"CSV file";
"contact158";"contact158@nomail.org";;;;;;"Alexandre";"Delcommune";"Herr";;;;;"+49 123 45 67 8";"+49 170 111 222 333";"-";"-";"TKS";1;"PASSw0rd";"Customer";;"1";"CSV file";
"contact159";"contact159@nomail.org";;;;;;"Dixon";"Denham";"Herr";;;;;"+49 123 45 67 8";"+49 170 111 222 333";"-";"-";"RLHAM";1;"PASSw0rd";"Customer";;"1";"CSV file";
"contact160";"contact160@nomail.org";;;;;;"Semjon";"Deschnjow";"Herr";;;;;"+49 123 45 67 8";"+49 170 111 222 333";"-";"-";"NGTWD";1;"PASSw0rd";"Customer";;"1";"CSV file";
"contact161";"contact161@nomail.org";;;;;;"Dinis";"Dias";"Herr";;;;;"+49 123 45 67 8";"+49 170 111 222 333";"-";"-";"MHHS";1;"PASSw0rd";"Customer";;"1";"CSV file";
"contact162";"contact162@nomail.org";;;;;;"Diogo";"Diaz";"Herr";;;;;"+49 123 45 67 8";"+49 170 111 222 333";"-";"-";"WIW";1;"PASSw0rd";"Customer";;"1";"CSV file";
"contact163";"contact163@nomail.org";;;;;;"Penelope";"Diaz";"Frau";;;;;"+49 123 45 67 8";"+49 170 111 222 333";"-";"-";"FIT";1;"PASSw0rd";"Customer";;"1";"CSV file";
"contact164";"contact164@nomail.org";;;;;;"George";"Dixon";"Herr";;;;;"+49 123 45 67 8";"+49 170 111 222 333";"-";"-";"ALB";1;"PASSw0rd";"Customer";;"1";"CSV file";
"contact165";"contact165@nomail.org";;;;;;"Kai";"Donner";"Herr";;;;;"+49 123 45 67 8";"+49 170 111 222 333";"-";"-";"DHZ";1;"PASSw0rd";"Customer";;"1";"CSV file";
"contact166";"contact166@nomail.org";;;;;;"Donna";"Douglas";"Frau";;;;;"+49 123 45 67 8";"+49 170 111 222 333";"-";"-";"KAFF";1;"PASSw0rd";"Customer";;"1";"CSV file";
"contact167";"contact167@nomail.org";;;;;;"Francis";"Drake";"Herr";;;;;"+49 123 45 67 8";"+49 170 111 222 333";"-";"-";"MES";1;"PASSw0rd";"Customer";;"1";"CSV file";
"contact168";"contact168@nomail.org";;;;;;"Abel Aubert";"Du Petit-Thouars";"Herr";;;;;"+49 123 45 67 8";"+49 170 111 222 333";"-";"-";"LPS";1;"PASSw0rd";"Customer";;"1";"CSV file";
"contact169";"contact169@nomail.org";;;;;;"Aristide Aubert";"Dupetit-Thouars";"Herr";;;;;"+49 123 45 67 8";"+49 170 111 222 333";"-";"-";"BERC";1;"PASSw0rd";"Customer";;"1";"CSV file";
"contact170";"contact170@nomail.org";;;;;;"Henri";"Duveyrier";"Herr";;;;;"+49 123 45 67 8";"+49 170 111 222 333";"-";"-";"ERW";1;"PASSw0rd";"Customer";;"1";"CSV file";
"contact171";"contact171@nomail.org";;;;;;"Günter";"Dyhrenfurth";"Herr";;;;;"+49 123 45 67 8";"+49 170 111 222 333";"-";"-";"BWLC";1;"PASSw0rd";"Customer";;"1";"CSV file";
"contact172";"contact172@nomail.org";;;;;;"Gill";"Eanes";"Frau";;;;;"+49 123 45 67 8";"+49 170 111 222 333";"-";"-";"HMG";1;"PASSw0rd";"Customer";;"1";"CSV file";
"contact173";"contact173@nomail.org";;;;;;"Isabelle";"Eberhardt";"Frau";;;;;"+49 123 45 67 8";"+49 170 111 222 333";"-";"-";"MCC";1;"PASSw0rd";"Customer";;"1";"CSV file";
"contact174";"contact174@nomail.org";;;;;;"Hugo";"Eckener";"Herr";;;;;"+49 123 45 67 8";"+49 170 111 222 333";"-";"-";"HRMSHL";1;"PASSw0rd";"Customer";;"1";"CSV file";
"contact175";"contact175@nomail.org";;;;;;"Juan Sebastián";"Elcano";"Herr";;;;;"+49 123 45 67 8";"+49 170 111 222 333";"-";"-";"ITKOM";1;"PASSw0rd";"Customer";;"1";"CSV file";
"contact176";"contact176@nomail.org";;;;;;"Elisa";"Elias";"Frau";;;;;"+49 123 45 67 8";"+49 170 111 222 333";"-";"-";"MDI";1;"PASSw0rd";"Customer";;"1";"CSV file";
"contact177";"contact177@nomail.org";;;;;;"Lincoln";"Ellsworth";"Herr";;;;;"+49 123 45 67 8";"+49 170 111 222 333";"-";"-";"R2T2";1;"PASSw0rd";"Customer";;"1";"CSV file";
"contact178";"contact178@nomail.org";;;;;;"Leif";"Eriksson";"Herr";;;;;"+49 123 45 67 8";"+49 170 111 222 333";"-";"-";"OSSI";1;"PASSw0rd";"Customer";;"1";"CSV file";
"contact179";"contact179@nomail.org";;;;;;"George";"Everest";"Herr";;;;;"+49 123 45 67 8";"+49 170 111 222 333";"-";"-";"AMK";1;"PASSw0rd";"Customer";;"1";"CSV file";
"contact180";"contact180@nomail.org";;;;;;"Edward John";"Eyre";"Herr";;;;;"+49 123 45 67 8";"+49 170 111 222 333";"-";"-";"EMA";1;"PASSw0rd";"Customer";;"1";"CSV file";
"contact181";"contact181@nomail.org";;;;;;"Julia";"Falkenstein";"Frau";;;;;"+49 123 45 67 8";"+49 170 111 222 333";"-";"-";"ACDC";1;"PASSw0rd";"Customer";;"1";"CSV file";
"contact182";"contact182@nomail.org";;;;;;"Edmund";"Fanning";"Herr";;;;;"+49 123 45 67 8";"+49 170 111 222 333";"-";"-";"OLOG";1;"PASSw0rd";"Customer";;"1";"CSV file";
"contact183";"contact183@nomail.org";;;;;;"Henri";"Farman";"Herr";;;;;"+49 123 45 67 8";"+49 170 111 222 333";"-";"-";"OSG";1;"PASSw0rd";"Customer";;"1";"CSV file";
"contact184";"contact184@nomail.org";;;;;;"Ernest";"Favenc";"Herr";;;;;"+49 123 45 67 8";"+49 170 111 222 333";"-";"-";"SWG";1;"PASSw0rd";"Customer";;"1";"CSV file";
"contact185";"contact185@nomail.org";;;;;;"Nicole";"Federmann";"Frau";;;;;"+49 123 45 67 8";"+49 170 111 222 333";"-";"-";"CCSW";1;"PASSw0rd";"Customer";;"1";"CSV file";
"contact186";"contact186@nomail.org";;;;;;"Luna";"Fedtschenko";"Frau";;;;;"+49 123 45 67 8";"+49 170 111 222 333";"-";"-";"LEM";1;"PASSw0rd";"Customer";;"1";"CSV file";
"contact187";"contact187@nomail.org";;;;;;"António";"Fernandes";"Herr";;;;;"+49 123 45 67 8";"+49 170 111 222 333";"-";"-";"HMS";1;"PASSw0rd";"Customer";;"1";"CSV file";
"contact188";"contact188@nomail.org";;;;;;"Juan";"Fernández";"Herr";;;;;"+49 123 45 67 8";"+49 170 111 222 333";"-";"-";"PPFA";1;"PASSw0rd";"Customer";;"1";"CSV file";
"contact189";"contact189@nomail.org";;;;;;"Friederike";"Filchner";"Frau";;;;;"+49 123 45 67 8";"+49 170 111 222 333";"-";"-";"247L";1;"PASSw0rd";"Customer";;"1";"CSV file";"247L"
"contact190";"contact190@nomail.org";;;;;;"Sanni";"Fischer";"Frau";;;;;"+49 123 45 67 8";"+49 170 111 222 333";"-";"-";"AVENT";1;"PASSw0rd";"Customer";;"1";"CSV file";
"contact191";"contact191@nomail.org";;;;;;"Victoria";"FitzRoy";"Frau";;;;;"+49 123 45 67 8";"+49 170 111 222 333";"-";"-";"HOCT";1;"PASSw0rd";"Customer";;"1";"CSV file";
"contact192";"contact192@nomail.org";;;;;;"Robert";"Flegel";"Herr";;;;;"+49 123 45 67 8";"+49 170 111 222 333";"-";"-";"SK24";1;"PASSw0rd";"Customer";;"1";"CSV file";
"contact193";"contact193@nomail.org";;;;;;"Matthew";"Flinders";"Herr";;;;;"+49 123 45 67 8";"+49 170 111 222 333";"-";"-";"FAK";1;"PASSw0rd";"Customer";;"1";"CSV file";
"contact194";"contact194@nomail.org";;;;;;"Eva-Lena";"Folger";"Frau";;;;;"+49 123 45 67 8";"+49 170 111 222 333";"-";"-";"TKS";1;"PASSw0rd";"Customer";;"1";"CSV file";
"contact195";"contact195@nomail.org";;;;;;"Henry Ogg";"Forbes";"Herr";;;;;"+49 123 45 67 8";"+49 170 111 222 333";"-";"-";"RLHAM";1;"PASSw0rd";"Customer";;"1";"CSV file";
"contact196";"contact196@nomail.org";;;;;;"Kim";"Forrest";"Frau";;;;;"+49 123 45 67 8";"+49 170 111 222 333";"-";"-";"NGTWD";1;"PASSw0rd";"Customer";;"1";"CSV file";
"contact197";"contact197@nomail.org";;;;;;"John";"Forrest";"Herr";;;;;"+49 123 45 67 8";"+49 170 111 222 333";"-";"-";"MHHS";1;"PASSw0rd";"Customer";;"1";"CSV file";
"contact198";"contact198@nomail.org";;;;;;"Georg";"Forster";"Herr";;;;;"+49 123 45 67 8";"+49 170 111 222 333";"-";"-";"WIW";1;"PASSw0rd";"Customer";;"1";"CSV file";
"contact199";"contact199@nomail.org";;;;;;"Marie-Sophie";"Foster";"Frau";;;;;"+49 123 45 67 8";"+49 170 111 222 333";"-";"-";"FIT";1;"PASSw0rd";"Customer";;"1";"CSV file";
"contact200";"contact200@nomail.org";;;;;;"Luke";"Foxe";"Herr";;;;;"+49 123 45 67 8";"+49 170 111 222 333";"-";"-";"ALB";1;"PASSw0rd";"Customer";;"1";"CSV file";
"contact201";"contact201@nomail.org";;;;;;"Lucia";"Francqui";"Frau";;;;;"+49 123 45 67 8";"+49 170 111 222 333";"-";"-";"DHZ";1;"PASSw0rd";"Customer";;"1";"CSV file";
"contact202";"contact202@nomail.org";;;;;;"Anita";"Franklin";"Frau";;;;;"+49 123 45 67 8";"+49 170 111 222 333";"-";"-";"KAFF";1;"PASSw0rd";"Customer";;"1";"CSV file";
"contact203";"contact203@nomail.org";;;;;;"Xaver";"Franz";"Herr";;;;;"+49 123 45 67 8";"+49 170 111 222 333";"-";"-";"MES";1;"PASSw0rd";"Customer";;"1";"CSV file";
"contact204";"contact204@nomail.org";;;;;;"Simon";"Fraser";"Herr";;;;;"+49 123 45 67 8";"+49 170 111 222 333";"-";"-";"LPS";1;"PASSw0rd";"Customer";;"1";"CSV file";
"contact205";"contact205@nomail.org";;;;;;"John Charles";"Frémont";"Herr";;;;;"+49 123 45 67 8";"+49 170 111 222 333";"-";"-";"BERC";1;"PASSw0rd";"Customer";;"1";"CSV file";
"contact206";"contact206@nomail.org";;;;;;"Martina";"Frobisher";"Frau";;;;;"+49 123 45 67 8";"+49 170 111 222 333";"-";"-";"ERW";1;"PASSw0rd";"Customer";;"1";"CSV file";
"contact207";"contact207@nomail.org";;;;;;"Vivian Ernest";"Fuchs";"Herr";;;;;"+49 123 45 67 8";"+49 170 111 222 333";"-";"-";"BWLC";1;"PASSw0rd";"Customer";;"1";"CSV file";
"contact208";"contact208@nomail.org";;;;;;"Alfons";"Gabriel";"Herr";;;;;"+49 123 45 67 8";"+49 170 111 222 333";"-";"-";"HMG";1;"PASSw0rd";"Customer";;"1";"CSV file";
"contact209";"contact209@nomail.org";;;;;;"Juri";"Gagarin";"Herr";;;;;"+49 123 45 67 8";"+49 170 111 222 333";"-";"-";"MCC";1;"PASSw0rd";"Customer";;"1";"CSV file";
"contact210";"contact210@nomail.org";;;;;;"Carlita";"Galindo";"Frau";;;;;"+49 123 45 67 8";"+49 170 111 222 333";"-";"-";"HRMSHL";1;"PASSw0rd";"Customer";;"1";"CSV file";
"contact211";"contact211@nomail.org";;;;;;"Vasco";"da Gama";"Herr";;;;;"+49 123 45 67 8";"+49 170 111 222 333";"-";"-";"ITKOM";1;"PASSw0rd";"Customer";;"1";"CSV file";
"contact212";"contact212@nomail.org";;;;;;"Thomas";"Gann";"Herr";;;;;"+49 123 45 67 8";"+49 170 111 222 333";"-";"-";"MDI";1;"PASSw0rd";"Customer";;"1";"CSV file";
"contact213";"contact213@nomail.org";;;;;;"Amelie";"García de Nodal";"Frau";;;;;"+49 123 45 67 8";"+49 170 111 222 333";"-";"-";"R2T2";1;"PASSw0rd";"Customer";;"1";"CSV file";
"contact214";"contact214@nomail.org";;;;;;"Beatrice";"Garnier";"Frau";;;;;"+49 123 45 67 8";"+49 170 111 222 333";"-";"-";"OSSI";1;"PASSw0rd";"Customer";;"1";"CSV file";
"contact215";"contact215@nomail.org";;;;;;"Matvei";"Gedenschtrom";"Herr";;;;;"+49 123 45 67 8";"+49 170 111 222 333";"-";"-";"AMK";1;"PASSw0rd";"Customer";;"1";"CSV file";
"contact216";"contact216@nomail.org";;;;;;"Adrien";"Gerlache de Gomery";"Herr";;;;;"+49 123 45 67 8";"+49 170 111 222 333";"-";"-";"EMA";1;"PASSw0rd";"Customer";;"1";"CSV file";
"contact217";"contact217@nomail.org";;;;;;"Romolo";"Gessi";"Herr";;;;;"+49 123 45 67 8";"+49 170 111 222 333";"-";"-";"ACDC";1;"PASSw0rd";"Customer";;"1";"CSV file";
"contact218";"contact218@nomail.org";;;;;;"Alfred";"Gibson";"Herr";;;;;"+49 123 45 67 8";"+49 170 111 222 333";"-";"-";"OLOG";1;"PASSw0rd";"Customer";;"1";"CSV file";
"contact219";"contact219@nomail.org";;;;;;"Humphrey";"Gilbert";"Herr";;;;;"+49 123 45 67 8";"+49 170 111 222 333";"-";"-";"OSG";1;"PASSw0rd";"Customer";;"1";"CSV file";
"contact220";"contact220@nomail.org";;;;;;"Ernest";"Giles";"Herr";;;;;"+49 123 45 67 8";"+49 170 111 222 333";"-";"-";"SWG";1;"PASSw0rd";"Customer";;"1";"CSV file";
"contact221";"contact221@nomail.org";;;;;;"Charles Jasper";"Glidden";"Herr";;;;;"+49 123 45 67 8";"+49 170 111 222 333";"-";"-";"CCSW";1;"PASSw0rd";"Customer";;"1";"CSV file";
"contact222";"contact222@nomail.org";;;;;;"Johann Georg";"Gmelin";"Herr";;;;;"+49 123 45 67 8";"+49 170 111 222 333";"-";"-";"LEM";1;"PASSw0rd";"Customer";;"1";"CSV file";
"contact223";"contact223@nomail.org";;;;;;"Benedikt";"Goës";"Herr";;;;;"+49 123 45 67 8";"+49 170 111 222 333";"-";"-";"HMS";1;"PASSw0rd";"Customer";;"1";"CSV file";
"contact224";"contact224@nomail.org";;;;;;"Johann Wolfgang";"von Goethe";"Herr";;;;;"+49 123 45 67 8";"+49 170 111 222 333";"-";"-";"PPFA";1;"PASSw0rd";"Customer";;"1";"CSV file";
"contact225";"contact225@nomail.org";;;;;;"Esteban";"Gómez";"Herr";;;;;"+49 123 45 67 8";"+49 170 111 222 333";"-";"-";"247L";1;"PASSw0rd";"Customer";;"1";"CSV file";"CCSW"
"contact226";"contact226@nomail.org";;;;;;"André";"Gonçalves";"Herr";;;;;"+49 123 45 67 8";"+49 170 111 222 333";"-";"-";"AVENT";1;"PASSw0rd";"Customer";;"1";"CSV file";
"contact227";"contact227@nomail.org";;;;;;"Antão";"Gonçalves";"Herr";;;;;"+49 123 45 67 8";"+49 170 111 222 333";"-";"-";"HOCT";1;"PASSw0rd";"Customer";;"1";"CSV file";
"contact228";"contact228@nomail.org";;;;;;"John";"Gore";"Herr";;;;;"+49 123 45 67 8";"+49 170 111 222 333";"-";"-";"SK24";1;"PASSw0rd";"Customer";;"1";"CSV file";
"contact229";"contact229@nomail.org";;;;;;"John";"Gould";"Herr";;;;;"+49 123 45 67 8";"+49 170 111 222 333";"-";"-";"FAK";1;"PASSw0rd";"Customer";;"1";"CSV file";
"contact230";"contact230@nomail.org";;;;;;"Beate";"Grandidier";"Frau";;;;;"+49 123 45 67 8";"+49 170 111 222 333";"-";"-";"TKS";1;"PASSw0rd";"Customer";;"1";"CSV file";
"contact231";"contact231@nomail.org";;;;;;"James Augusuts";"Grant";"Herr";;;;;"+49 123 45 67 8";"+49 170 111 222 333";"-";"-";"RLHAM";1;"PASSw0rd";"Customer";;"1";"CSV file";
"contact232";"contact232@nomail.org";;;;;;"Rudolf";"Grauer";"Herr";;;;;"+49 123 45 67 8";"+49 170 111 222 333";"-";"-";"NGTWD";1;"PASSw0rd";"Customer";;"1";"CSV file";
"contact233";"contact233@nomail.org";;;;;;"Barbara";"Greely";"Frau";;;;;"+49 123 45 67 8";"+49 170 111 222 333";"-";"-";"MHHS";1;"PASSw0rd";"Customer";;"1";"CSV file";
"contact234";"contact234@nomail.org";;;;;;"Brigitte";"Gregory";"Frau";;;;;"+49 123 45 67 8";"+49 170 111 222 333";"-";"-";"WIW";1;"PASSw0rd";"Customer";;"1";"CSV file";
"contact235";"contact235@nomail.org";;;;;;"John Walter";"Gregory";"Herr";;;;;"+49 123 45 67 8";"+49 170 111 222 333";"-";"-";"FIT";1;"PASSw0rd";"Customer";;"1";"CSV file";
"contact236";"contact236@nomail.org";;;;;;"George";"Grenfell";"Herr";;;;;"+49 123 45 67 8";"+49 170 111 222 333";"-";"-";"ALB";1;"PASSw0rd";"Customer";;"1";"CSV file";
"contact237";"contact237@nomail.org";;;;;;"Ewart";"Grogan";"Herr";;;;;"+49 123 45 67 8";"+49 170 111 222 333";"-";"-";"DHZ";1;"PASSw0rd";"Customer";;"1";"CSV file";
"contact238";"contact238@nomail.org";;;;;;"Florence Crauford";"Grove";"Frau";;;;;"+49 123 45 67 8";"+49 170 111 222 333";"-";"-";"KAFF";1;"PASSw0rd";"Customer";;"1";"CSV file";
"contact239";"contact239@nomail.org";;;;;;"Albert";"Grünwedel";"Herr";;;;;"+49 123 45 67 8";"+49 170 111 222 333";"-";"-";"MES";1;"PASSw0rd";"Customer";;"1";"CSV file";
"contact240";"contact240@nomail.org";;;;;;"Paul";"Güßfeldt";"Herr";;;;;"+49 123 45 67 8";"+49 170 111 222 333";"-";"-";"LPS";1;"PASSw0rd";"Customer";;"1";"CSV file";
"contact241";"contact241@nomail.org";;;;;;"Charles Francis";"Hall";"Herr";;;;;"+49 123 45 67 8";"+49 170 111 222 333";"-";"-";"BERC";1;"PASSw0rd";"Customer";;"1";"CSV file";
"contact242";"contact242@nomail.org";;;;;;"Heinrich";"Harrer";"Herr";;;;;"+49 123 45 67 8";"+49 170 111 222 333";"-";"-";"ERW";1;"PASSw0rd";"Customer";;"1";"CSV file";
"contact243";"contact243@nomail.org";;;;;;"Hermine";"Hartog";"Frau";;;;;"+49 123 45 67 8";"+49 170 111 222 333";"-";"-";"BWLC";1;"PASSw0rd";"Customer";;"1";"CSV file";
"contact244";"contact244@nomail.org";;;;;;"Hans";"Hass";"Herr";;;;;"+49 123 45 67 8";"+49 170 111 222 333";"-";"-";"HMG";1;"PASSw0rd";"Customer";;"1";"CSV file";
"contact245";"contact245@nomail.org";;;;;;"Deanna";"Hawkins";"Frau";;;;;"+49 123 45 67 8";"+49 170 111 222 333";"-";"-";"MCC";1;"PASSw0rd";"Customer";;"1";"CSV file";
"contact246";"contact246@nomail.org";;;;;;"George";"Hayward";"Herr";;;;;"+49 123 45 67 8";"+49 170 111 222 333";"-";"-";"HRMSHL";1;"PASSw0rd";"Customer";;"1";"CSV file";
"contact247";"contact247@nomail.org";;;;;;"Zhang";"He";"Herr";;;;;"+49 123 45 67 8";"+49 170 111 222 333";"-";"-";"ITKOM";1;"PASSw0rd";"Customer";;"1";"CSV file";
"contact248";"contact248@nomail.org";;;;;;"Charles";"Heaphy";"Herr";;;;;"+49 123 45 67 8";"+49 170 111 222 333";"-";"-";"MDI";1;"PASSw0rd";"Customer";;"1";"CSV file";
"contact249";"contact249@nomail.org";;;;;;"Beverly";"Hector";"Frau";;;;;"+49 123 45 67 8";"+49 170 111 222 333";"-";"-";"R2T2";1;"PASSw0rd";"Customer";;"1";"CSV file";
"contact250";"contact250@nomail.org";;;;;;"Sven";"Hedin";"Herr";;;;;"+49 123 45 67 8";"+49 170 111 222 333";"-";"-";"OSSI";1;"PASSw0rd";"Customer";;"1";"CSV file";
"contact251";"contact251@nomail.org";;;;;;"Mareen";"Hein";"Frau";;;;;"+49 123 45 67 8";"+49 170 111 222 333";"-";"-";"AMK";1;"PASSw0rd";"Customer";;"1";"CSV file";
"contact252";"contact252@nomail.org";;;;;;"Karl";"Helbig";"Herr";;;;;"+49 123 45 67 8";"+49 170 111 222 333";"-";"-";"EMA";1;"PASSw0rd";"Customer";;"1";"CSV file";
"contact253";"contact253@nomail.org";;;;;;"Yvonne";"Hennepin";"Frau";;;;;"+49 123 45 67 8";"+49 170 111 222 333";"-";"-";"ACDC";1;"PASSw0rd";"Customer";;"1";"CSV file";
"contact254";"contact254@nomail.org";;;;;;"Matthew";"Henson";"Herr";;;;;"+49 123 45 67 8";"+49 170 111 222 333";"-";"-";"OLOG";1;"PASSw0rd";"Customer";;"1";"CSV file";
"contact255";"contact255@nomail.org";;;;;;"Wally";"Herbert";"Frau";;;;;"+49 123 45 67 8";"+49 170 111 222 333";"-";"-";"OSG";1;"PASSw0rd";"Customer";;"1";"CSV file";
"contact256";"contact256@nomail.org";;;;;;"Bjarni";"Herjúlfsson";"Herr";;;;;"+49 123 45 67 8";"+49 170 111 222 333";"-";"-";"SWG";1;"PASSw0rd";"Customer";;"1";"CSV file";
"contact257";"contact257@nomail.org";;;;;;"William Lewis";"Herndon";"Herr";;;;;"+49 123 45 67 8";"+49 170 111 222 333";"-";"-";"CCSW";1;"PASSw0rd";"Customer";;"1";"CSV file";
"contact258";"contact258@nomail.org";;;;;;"Heidi";"Hammel";"Frau";;;;;"+49 123 45 67 8";"+49 170 111 222 333";"-";"-";"LEM";1;"PASSw0rd";"Customer";;"1";"CSV file";
"contact259";"contact259@nomail.org";;;;;;"Thor";"Heyerdahl";"Herr";;;;;"+49 123 45 67 8";"+49 170 111 222 333";"-";"-";"HMS";1;"PASSw0rd";"Customer";;"1";"CSV file";
"contact260";"contact260@nomail.org";;;;;;"Edmund";"Hillary";"Herr";;;;;"+49 123 45 67 8";"+49 170 111 222 333";"-";"-";"PPFA";1;"PASSw0rd";"Customer";;"1";"CSV file";
"contact262";"contact262@nomail.org";;;;;;"Charles";"Hoadley";"Herr";;;;;"+49 123 45 67 8";"+49 170 111 222 333";"-";"-";"AVENT";1;"PASSw0rd";"Customer";;"1";"CSV file";
"contact263";"contact263@nomail.org";;;;;;"Johann Carl";"Hocheder";"Herr";;;;;"+49 123 45 67 8";"+49 170 111 222 333";"-";"-";"HOCT";1;"PASSw0rd";"Customer";;"1";"CSV file";
"contact264";"contact264@nomail.org";;;;;;"Clement";"Hodgkinson";"Herr";;;;;"+49 123 45 67 8";"+49 170 111 222 333";"-";"-";"SK24";1;"PASSw0rd";"Customer";;"1";"CSV file";
"contact265";"contact265@nomail.org";;;;;;"Emilia";"Holub";"Frau";;;;;"+49 123 45 67 8";"+49 170 111 222 333";"-";"-";"FAK";1;"PASSw0rd";"Customer";;"1";"CSV file";
"contact266";"contact266@nomail.org";;;;;;"Friedrich Konrad";"Hornemann";"Herr";;;;;"+49 123 45 67 8";"+49 170 111 222 333";"-";"-";"TKS";1;"PASSw0rd";"Customer";;"1";"CSV file";
"contact267";"contact267@nomail.org";;;;;;"William";"Hovell";"Herr";;;;;"+49 123 45 67 8";"+49 170 111 222 333";"-";"-";"RLHAM";1;"PASSw0rd";"Customer";;"1";"CSV file";
"contact269";"contact269@nomail.org";;;;;;"Henry";"Hudson";"Herr";;;;;"+49 123 45 67 8";"+49 170 111 222 333";"-";"-";"MHHS";1;"PASSw0rd";"Customer";;"1";"CSV file";
"contact270";"contact270@nomail.org";;;;;;"Alexander";"von Humboldt";"Herr";;;;;"+49 123 45 67 8";"+49 170 111 222 333";"-";"-";"WIW";1;"PASSw0rd";"Customer";;"1";"CSV file";
"contact271";"contact271@nomail.org";;;;;;"Hillary";"Hume";"Frau";;;;;"+49 123 45 67 8";"+49 170 111 222 333";"-";"-";"FIT";1;"PASSw0rd";"Customer";;"1";"CSV file";
"contact272";"contact272@nomail.org";;;;;;"Thomas Joseph";"Hutchinson";"Herr";;;;;"+49 123 45 67 8";"+49 170 111 222 333";"-";"-";"ALB";1;"PASSw0rd";"Customer";;"1";"CSV file";
"contact273";"contact273@nomail.org";;;;;;"James Sather";"Hutchinson";"Herr";;;;;"+49 123 45 67 8";"+49 170 111 222 333";"-";"-";"DHZ";1;"PASSw0rd";"Customer";;"1";"CSV file";
"contact274";"contact274@nomail.org";;;;;;"Ahmad";"Ibn Fadlan";"Herr";;;;;"+49 123 45 67 8";"+49 170 111 222 333";"-";"-";"KAFF";1;"PASSw0rd";"Customer";;"1";"CSV file";
"contact275";"contact275@nomail.org";;;;;;"Fatima";"Rustah";"Frau";;;;;"+49 123 45 67 8";"+49 170 111 222 333";"-";"-";"MES";1;"PASSw0rd";"Customer";;"1";"CSV file";
"contact276";"contact276@nomail.org";;;;;;"Oskar";"Iden-Zeller";"Herr";;;;;"+49 123 45 67 8";"+49 170 111 222 333";"-";"-";"LPS";1;"PASSw0rd";"Customer";;"1";"CSV file";
"contact277";"contact277@nomail.org";;;;;;"Vangelis";"Costas";"Herr";;;;;"+49 123 45 67 8";"+49 170 111 222 333";"-";"-";"BERC";1;"PASSw0rd";"Customer";;"1";"CSV file";
"contact278";"contact278@nomail.org";;;;;;"Edward Augustus";"Inglefield";"Herr";;;;;"+49 123 45 67 8";"+49 170 111 222 333";"-";"-";"ERW";1;"PASSw0rd";"Customer";;"1";"CSV file";
"contact279";"contact279@nomail.org";;;;;;"Josephine";"Ingraham";"Frau";;;;;"+49 123 45 67 8";"+49 170 111 222 333";"-";"-";"BWLC";1;"PASSw0rd";"Customer";;"1";"CSV file";
"contact280";"contact280@nomail.org";;;;;;"Elke";"Ingstad";"Frau";;;;;"+49 123 45 67 8";"+49 170 111 222 333";"-";"-";"HMG";1;"PASSw0rd";"Customer";;"1";"CSV file";
"contact281";"contact281@nomail.org";;;;;;"Andrew";"Irvine";"Herr";;;;;"+49 123 45 67 8";"+49 170 111 222 333";"-";"-";"MCC";1;"PASSw0rd";"Customer";;"1";"CSV file";
"contact282";"contact282@nomail.org";;;;;;"Roberto";"Ivens";"Herr";;;;;"+49 123 45 67 8";"+49 170 111 222 333";"-";"-";"HRMSHL";1;"PASSw0rd";"Customer";;"1";"CSV file";
"contact283";"contact283@nomail.org";;;;;;"Jackie";"Jackson";"Frau";;;;;"+49 123 45 67 8";"+49 170 111 222 333";"-";"-";"ITKOM";1;"PASSw0rd";"Customer";;"1";"CSV file";
"contact284";"contact284@nomail.org";;;;;;"Jamie";"James";"Frau";;;;;"+49 123 45 67 8";"+49 170 111 222 333";"-";"-";"MDI";1;"PASSw0rd";"Customer";;"1";"CSV file";
"contact285";"contact285@nomail.org";;;;;;"Willem";"Janszoon";"Herr";;;;;"+49 123 45 67 8";"+49 170 111 222 333";"-";"-";"R2T2";1;"PASSw0rd";"Customer";;"1";"CSV file";
"contact286";"contact286@nomail.org";;;;;;"Juliet";"Jason";"Frau";;;;;"+49 123 45 67 8";"+49 170 111 222 333";"-";"-";"OSSI";1;"PASSw0rd";"Customer";;"1";"CSV file";
"contact287";"contact287@nomail.org";;;;;;"Richard";"Jobson";"Herr";;;;;"+49 123 45 67 8";"+49 170 111 222 333";"-";"-";"AMK";1;"PASSw0rd";"Customer";;"1";"CSV file";
"contact288";"contact288@nomail.org";;;;;;"Hjalmar";"Johansen";"Herr";;;;;"+49 123 45 67 8";"+49 170 111 222 333";"-";"-";"EMA";1;"PASSw0rd";"Customer";;"1";"CSV file";
"contact289";"contact289@nomail.org";;;;;;"Henry Hamilton";"Johnston";"Herr";;;;;"+49 123 45 67 8";"+49 170 111 222 333";"-";"-";"ACDC";1;"PASSw0rd";"Customer";;"1";"CSV file";
"contact290";"contact290@nomail.org";;;;;;"Louis";"Joliet";"Herr";;;;;"+49 123 45 67 8";"+49 170 111 222 333";"-";"-";"OLOG";1;"PASSw0rd";"Customer";;"1";"CSV file";
"contact291";"contact291@nomail.org";;;;;;"Karl Ludwig";"Jühlke";"Herr";;;;;"+49 123 45 67 8";"+49 170 111 222 333";"-";"-";"OSG";1;"PASSw0rd";"Customer";;"1";"CSV file";
"contact292";"contact292@nomail.org";;;;;;"Franz Wilhelm";"Junghuhn";"Herr";;;;;"+49 123 45 67 8";"+49 170 111 222 333";"-";"-";"SWG";1;"PASSw0rd";"Customer";;"1";"CSV file";
"contact293";"contact293@nomail.org";;;;;;"Esmeralda";"Junker";"Frau";;;;;"+49 123 45 67 8";"+49 170 111 222 333";"-";"-";"CCSW";1;"PASSw0rd";"Customer";;"1";"CSV file";
"contact294";"contact294@nomail.org";;;;;;"Georg Joseph";"Kamel";"Herr";;;;;"+49 123 45 67 8";"+49 170 111 222 333";"-";"-";"LEM";1;"PASSw0rd";"Customer";;"1";"CSV file";
"contact295";"contact295@nomail.org";;;;;;"Richard";"Kandt";"Herr";;;;;"+49 123 45 67 8";"+49 170 111 222 333";"-";"-";"HMS";1;"PASSw0rd";"Customer";;"1";"CSV file";
"contact296";"contact296@nomail.org";;;;;;"Elisha Kent";"Kane";"Frau";;;;;"+49 123 45 67 8";"+49 170 111 222 333";"-";"-";"PPFA";1;"PASSw0rd";"Customer";;"1";"CSV file";
"contact297";"contact297@nomail.org";;;;;;"August";"Kappler";"Herr";;;;;"+49 123 45 67 8";"+49 170 111 222 333";"-";"-";"247L";1;"PASSw0rd";"Customer";;"1";"CSV file";
"contact298";"contact298@nomail.org";;;;;;"Thorfinn";"Karlsefni";"Herr";;;;;"+49 123 45 67 8";"+49 170 111 222 333";"-";"-";"AVENT";1;"PASSw0rd";"Customer";;"1";"CSV file";
"contact299";"contact299@nomail.org";;;;;;"William";"Keeling";"Herr";;;;;"+49 123 45 67 8";"+49 170 111 222 333";"-";"-";"HOCT";1;"PASSw0rd";"Customer";;"1";"CSV file";
"contact300";"contact300@nomail.org";;;;;;"Johann Karl Ehrenfried";"Kegel";"Herr";;;;;"+49 123 45 67 8";"+49 170 111 222 333";"-";"-";"SK24";1;"PASSw0rd";"Customer";;"1";"CSV file";
"contact301";"contact301@nomail.org";;;;;;"George";"Kennan";"Herr";;;;;"+49 123 45 67 8";"+49 170 111 222 333";"-";"-";"FAK";1;"PASSw0rd";"Customer";;"1";"CSV file";
"contact302";"contact302@nomail.org";;;;;;"Edmund";"Kennedy";"Herr";;;;;"+49 123 45 67 8";"+49 170 111 222 333";"-";"-";"TKS";1;"PASSw0rd";"Customer";;"1";"CSV file";
"contact303";"contact303@nomail.org";;;;;;"Carmen";"Knox";"Frau";;;;;"+49 123 45 67 8";"+49 170 111 222 333";"-";"-";"RLHAM";1;"PASSw0rd";"Customer";;"1";"CSV file";
"contact304";"contact304@nomail.org";;;;;;"Carla";"Koldewey";"Frau";;;;;"+49 123 45 67 8";"+49 170 111 222 333";"-";"-";"NGTWD";1;"PASSw0rd";"Customer";;"1";"CSV file";
"contact305";"contact305@nomail.org";;;;;;"Christa";"Kolumbus";"Frau";;;;;"+49 123 45 67 8";"+49 170 111 222 333";"-";"-";"MHHS";1;"PASSw0rd";"Customer";;"1";"CSV file";
"contact306";"contact306@nomail.org";;;;;;"Theofane";"Kotschy";"Frau";;;;;"+49 123 45 67 8";"+49 170 111 222 333";"-";"-";"WIW";1;"PASSw0rd";"Customer";;"1";"CSV file";
"contact307";"contact307@nomail.org";;;;;;"Johann Ludwig";"Krapf";"Herr";;;;;"+49 123 45 67 8";"+49 170 111 222 333";"-";"-";"FIT";1;"PASSw0rd";"Customer";;"1";"CSV file";
"contact308";"contact308@nomail.org";;;;;;"Maria";"Krenkel";"Frau";;;;;"+49 123 45 67 8";"+49 170 111 222 333";"-";"-";"ALB";1;"PASSw0rd";"Customer";;"1";"CSV file";
"contact309";"contact309@nomail.org";;;;;;"Adam Johann";"von Krusenstern";"Herr";;;;;"+49 123 45 67 8";"+49 170 111 222 333";"-";"-";"DHZ";1;"PASSw0rd";"Customer";;"1";"CSV file";
"contact310";"contact310@nomail.org";;;;;;"Ricarda";"Kund";"Frau";;;;;"+49 123 45 67 8";"+49 170 111 222 333";"-";"-";"KAFF";1;"PASSw0rd";"Customer";;"1";"CSV file";
"contact311";"contact311@nomail.org";;;;;;"Robert";"La Salle";"Herr";;;;;"+49 123 45 67 8";"+49 170 111 222 333";"-";"-";"MES";1;"PASSw0rd";"Customer";;"1";"CSV file";
"contact312";"contact312@nomail.org";;;;;;"Juan Fernández";"Ladrillero";"Herr";;;;;"+49 123 45 67 8";"+49 170 111 222 333";"-";"-";"LPS";1;"PASSw0rd";"Customer";;"1";"CSV file";
"contact313";"contact313@nomail.org";;;;;;"Alexander Gordon";"Laing";"Herr";;;;;"+49 123 45 67 8";"+49 170 111 222 333";"-";"-";"BERC";1;"PASSw0rd";"Customer";;"1";"CSV file";
"contact314";"contact314@nomail.org";;;;;;"Mary";"Lancaster";"Frau";;;;;"+49 123 45 67 8";"+49 170 111 222 333";"-";"-";"ERW";1;"PASSw0rd";"Customer";;"1";"CSV file";
"contact315";"contact315@nomail.org";;;;;;"John";"Lander";"Herr";;;;;"+49 123 45 67 8";"+49 170 111 222 333";"-";"-";"BWLC";1;"PASSw0rd";"Customer";;"1";"CSV file";
"contact316";"contact316@nomail.org";;;;;;"Richard Lemon";"Lander";"Herr";;;;;"+49 123 45 67 8";"+49 170 111 222 333";"-";"-";"HMG";1;"PASSw0rd";"Customer";;"1";"CSV file";
"contact317";"contact317@nomail.org";;;;;;"João Fernandes";"Lavrador";"Herr";;;;;"+49 123 45 67 8";"+49 170 111 222 333";"-";"-";"MCC";1;"PASSw0rd";"Customer";;"1";"CSV file";
"contact318";"contact318@nomail.org";;;;;;"Thomas Edward";"Lawrence";"Herr";;;;;"+49 123 45 67 8";"+49 170 111 222 333";"-";"-";"HRMSHL";1;"PASSw0rd";"Customer";;"1";"CSV file";
"contact319";"contact319@nomail.org";;;;;;"John";"Ledyard";"Herr";;;;;"+49 123 45 67 8";"+49 170 111 222 333";"-";"-";"ITKOM";1;"PASSw0rd";"Customer";;"1";"CSV file";
"contact320";"contact320@nomail.org";;;;;;"François";"Leguat";"Herr";;;;;"+49 123 45 67 8";"+49 170 111 222 333";"-";"-";"MDI";1;"PASSw0rd";"Customer";;"1";"CSV file";
"contact321";"contact321@nomail.org";;;;;;"Luise";"Leichhardt";"Frau";;;;;"+49 123 45 67 8";"+49 170 111 222 333";"-";"-";"R2T2";1;"PASSw0rd";"Customer";;"1";"CSV file";
"contact322";"contact322@nomail.org";;;;;;"Guillaume";"Lejean";"Herr";;;;;"+49 123 45 67 8";"+49 170 111 222 333";"-";"-";"OSSI";1;"PASSw0rd";"Customer";;"1";"CSV file";
"contact323";"contact323@nomail.org";;;;;;"Oskar";"Lenz";"Herr";;;;;"+49 123 45 67 8";"+49 170 111 222 333";"-";"-";"AMK";1;"PASSw0rd";"Customer";;"1";"CSV file";
"contact324";"contact324@nomail.org";;;;;;"Dragutin";"Lerman";"Herr";;;;;"+49 123 45 67 8";"+49 170 111 222 333";"-";"-";"EMA";1;"PASSw0rd";"Customer";;"1";"CSV file";
"contact325";"contact325@nomail.org";;;;;;"Theodor";"Lerner";"Herr";;;;;"+49 123 45 67 8";"+49 170 111 222 333";"-";"-";"ACDC";1;"PASSw0rd";"Customer";;"1";"CSV file";
"contact326";"contact326@nomail.org";;;;;;"Charles Alexandre";"Lesueur";"Herr";;;;;"+49 123 45 67 8";"+49 170 111 222 333";"-";"-";"OLOG";1;"PASSw0rd";"Customer";;"1";"CSV file";
"contact327";"contact327@nomail.org";;;;;;"Meriwether";"Lewis";"Herr";;;;;"+49 123 45 67 8";"+49 170 111 222 333";"-";"-";"OSG";1;"PASSw0rd";"Customer";;"1";"CSV file";
"contact328";"contact328@nomail.org";;;;;;"David";"Livingstone";"Herr";;;;;"+49 123 45 67 8";"+49 170 111 222 333";"-";"-";"SWG";1;"PASSw0rd";"Customer";;"1";"CSV file";
"contact329";"contact329@nomail.org";;;;;;"Olga";"Ljachow";"Frau";;;;;"+49 123 45 67 8";"+49 170 111 222 333";"-";"-";"CCSW";1;"PASSw0rd";"Customer";;"1";"CSV file";
"contact330";"contact330@nomail.org";;;;;;"Frederick";"Lugard";"Herr";;;;;"+49 123 45 67 8";"+49 170 111 222 333";"-";"-";"LEM";1;"PASSw0rd";"Customer";;"1";"CSV file";
"contact331";"contact331@nomail.org";;;;;;"Fedor";"Lütke";"Herr";;;;;"+49 123 45 67 8";"+49 170 111 222 333";"-";"-";"HMS";1;"PASSw0rd";"Customer";;"1";"CSV file";
"contact332";"contact332@nomail.org";;;;;;"Thomas";"Mackenzie";"Herr";;;;;"+49 123 45 67 8";"+49 170 111 222 333";"-";"-";"PPFA";1;"PASSw0rd";"Customer";;"1";"CSV file";
"contact333";"contact333@nomail.org";;;;;;"Eugène";"Mage";"Herr";;;;;"+49 123 45 67 8";"+49 170 111 222 333";"-";"-";"247L";1;"PASSw0rd";"Customer";;"1";"CSV file";
"contact334";"contact334@nomail.org";;;;;;"Ferdinand";"Magellan";"Herr";;;;;"+49 123 45 67 8";"+49 170 111 222 333";"-";"-";"AVENT";1;"PASSw0rd";"Customer";;"1";"CSV file";
"contact335";"contact335@nomail.org";;;;;;"Ladislaus";"Magyar";"Herr";;;;;"+49 123 45 67 8";"+49 170 111 222 333";"-";"-";"HOCT";1;"PASSw0rd";"Customer";;"1";"CSV file";
"contact336";"contact336@nomail.org";;;;;;"Irene";"Mahu";"Frau";;;;;"+49 123 45 67 8";"+49 170 111 222 333";"-";"-";"SK24";1;"PASSw0rd";"Customer";;"1";"CSV file";
"contact337";"contact337@nomail.org";;;;;;"Alessandro";"Malaspina";"Herr";;;;;"+49 123 45 67 8";"+49 170 111 222 333";"-";"-";"FAK";1;"PASSw0rd";"Customer";;"1";"CSV file";
"contact338";"contact338@nomail.org";;;;;;"Teoberto";"Maler";"Herr";;;;;"+49 123 45 67 8";"+49 170 111 222 333";"-";"-";"TKS";1;"PASSw0rd";"Customer";;"1";"CSV file";
"contact339";"contact339@nomail.org";;;;;;"George";"Mallory";"Herr";;;;;"+49 123 45 67 8";"+49 170 111 222 333";"-";"-";"RLHAM";1;"PASSw0rd";"Customer";;"1";"CSV file";
"contact340";"contact340@nomail.org";;;;;;"Lancelotto";"Malocello";"Herr";;;;;"+49 123 45 67 8";"+49 170 111 222 333";"-";"-";"NGTWD";1;"PASSw0rd";"Customer";;"1";"CSV file";
"contact341";"contact341@nomail.org";;;;;;"Rinzo";"Mamiya";"Herr";;;;;"+49 123 45 67 8";"+49 170 111 222 333";"-";"-";"MHHS";1;"PASSw0rd";"Customer";;"1";"CSV file";
"contact342";"contact342@nomail.org";;;;;;"Étienne";"Marchand";"Herr";;;;;"+49 123 45 67 8";"+49 170 111 222 333";"-";"-";"WIW";1;"PASSw0rd";"Customer";;"1";"CSV file";
"contact343";"contact343@nomail.org";;;;;;"Clements";"Markham";"Herr";;;;;"+49 123 45 67 8";"+49 170 111 222 333";"-";"-";"FIT";1;"PASSw0rd";"Customer";;"1";"CSV file";
"contact344";"contact344@nomail.org";;;;;;"Ernst";"Marno";"Herr";;;;;"+49 123 45 67 8";"+49 170 111 222 333";"-";"-";"ALB";1;"PASSw0rd";"Customer";;"1";"CSV file";
"contact345";"contact345@nomail.org";;;;;;"Lourenço";"Marques";"Herr";;;;;"+49 123 45 67 8";"+49 170 111 222 333";"-";"-";"DHZ";1;"PASSw0rd";"Customer";;"1";"CSV file";
"contact346";"contact346@nomail.org";;;;;;"Jacques";"Marquette";"Herr";;;;;"+49 123 45 67 8";"+49 170 111 222 333";"-";"-";"KAFF";1;"PASSw0rd";"Customer";;"1";"CSV file";
"contact347";"contact347@nomail.org";;;;;;"Julius";"Maternus";"Herr";;;;;"+49 123 45 67 8";"+49 170 111 222 333";"-";"-";"MES";1;"PASSw0rd";"Customer";;"1";"CSV file";
"contact348";"contact348@nomail.org";;;;;;"Pellegrino";"Matteucci";"Herr";;;;;"+49 123 45 67 8";"+49 170 111 222 333";"-";"-";"LPS";1;"PASSw0rd";"Customer";;"1";"CSV file";
"contact349";"contact349@nomail.org";;;;;;"Karl";"Mauch";"Herr";;;;;"+49 123 45 67 8";"+49 170 111 222 333";"-";"-";"BERC";1;"PASSw0rd";"Customer";;"1";"CSV file";
"contact350";"contact350@nomail.org";;;;;;"Douglas";"Mawson";"Herr";;;;;"+49 123 45 67 8";"+49 170 111 222 333";"-";"-";"ERW";1;"PASSw0rd";"Customer";;"1";"CSV file";
"contact351";"contact351@nomail.org";;;;;;"Jamie";"Meares";"Frau";;;;;"+49 123 45 67 8";"+49 170 111 222 333";"-";"-";"BWLC";1;"PASSw0rd";"Customer";;"1";"CSV file";
"contact352";"contact352@nomail.org";;;;;;"Archibald";"Menzies";"Herr";;;;;"+49 123 45 67 8";"+49 170 111 222 333";"-";"-";"HMG";1;"PASSw0rd";"Customer";;"1";"CSV file";
"contact353";"contact353@nomail.org";;;;;;"Xavier";"Mertz";"Herr";;;;;"+49 123 45 67 8";"+49 170 111 222 333";"-";"-";"MCC";1;"PASSw0rd";"Customer";;"1";"CSV file";
"contact354";"contact354@nomail.org";;;;;;"Alfred";"Merz";"Herr";;;;;"+49 123 45 67 8";"+49 170 111 222 333";"-";"-";"HRMSHL";1;"PASSw0rd";"Customer";;"1";"CSV file";
"contact355";"contact355@nomail.org";;;;;;"Hans";"Meyer";"Herr";;;;;"+49 123 45 67 8";"+49 170 111 222 333";"-";"-";"ITKOM";1;"PASSw0rd";"Customer";;"1";"CSV file";
"contact356";"contact356@nomail.org";;;;;;"Peter";"Minuit";"Herr";;;;;"+49 123 45 67 8";"+49 170 111 222 333";"-";"-";"MDI";1;"PASSw0rd";"Customer";;"1";"CSV file";
"contact357";"contact357@nomail.org";;;;;;"Eduard";"Mohr";"Herr";;;;;"+49 123 45 67 8";"+49 170 111 222 333";"-";"-";"R2T2";1;"PASSw0rd";"Customer";;"1";"CSV file";
"contact358";"contact358@nomail.org";;;;;;"Théodore";"Monod";"Herr";;;;;"+49 123 45 67 8";"+49 170 111 222 333";"-";"-";"OSSI";1;"PASSw0rd";"Customer";;"1";"CSV file";
"contact359";"contact359@nomail.org";;;;;;"Perito";"Moreno";"Herr";;;;;"+49 123 45 67 8";"+49 170 111 222 333";"-";"-";"AMK";1;"PASSw0rd";"Customer";;"1";"CSV file";
"contact360";"contact360@nomail.org";;;;;;"John";"Moresby";"Herr";;;;;"+49 123 45 67 8";"+49 170 111 222 333";"-";"-";"EMA";1;"PASSw0rd";"Customer";;"1";"CSV file";
"contact361";"contact361@nomail.org";;;;;;"Curt";"Morgen";"Herr";;;;;"+49 123 45 67 8";"+49 170 111 222 333";"-";"-";"ACDC";1;"PASSw0rd";"Customer";;"1";"CSV file";
"contact362";"contact362@nomail.org";;;;;;"Henri";"Mouhot";"Herr";;;;;"+49 123 45 67 8";"+49 170 111 222 333";"-";"-";"OLOG";1;"PASSw0rd";"Customer";;"1";"CSV file";
"contact363";"contact363@nomail.org";;;;;;"Marius";"Moustier";"Herr";;;;;"+49 123 45 67 8";"+49 170 111 222 333";"-";"-";"OSG";1;"PASSw0rd";"Customer";;"1";"CSV file";
"contact364";"contact364@nomail.org";;;;;;"John";"Muir";"Herr";;;;;"+49 123 45 67 8";"+49 170 111 222 333";"-";"-";"SWG";1;"PASSw0rd";"Customer";;"1";"CSV file";
"contact365";"contact365@nomail.org";;;;;;"Gerhard Friedrich";"Müller";"Herr";;;;;"+49 123 45 67 8";"+49 170 111 222 333";"-";"-";"CCSW";1;"PASSw0rd";"Customer";;"1";"CSV file";
"contact366";"contact366@nomail.org";;;;;;"Salomé";"Müller";"Frau";;;;;"+49 123 45 67 8";"+49 170 111 222 333";"-";"-";"LEM";1;"PASSw0rd";"Customer";;"1";"CSV file";
"contact367";"contact367@nomail.org";;;;;;"Jens";"Munk";"Herr";;;;;"+49 123 45 67 8";"+49 170 111 222 333";"-";"-";"HMS";1;"PASSw0rd";"Customer";;"1";"CSV file";
"contact368";"contact368@nomail.org";;;;;;"Werner";"Munzinger";"Herr";;;;;"+49 123 45 67 8";"+49 170 111 222 333";"-";"-";"PPFA";1;"PASSw0rd";"Customer";;"1";"CSV file";
"contact369";"contact369@nomail.org";;;;;;"Gustav";"Nachtigal";"Herr";;;;;"+49 123 45 67 8";"+49 170 111 222 333";"-";"-";"247L";1;"PASSw0rd";"Customer";;"1";"CSV file";
"contact370";"contact370@nomail.org";;;;;;"Fridtjof";"Nansen";"Herr";;;;;"+49 123 45 67 8";"+49 170 111 222 333";"-";"-";"AVENT";1;"PASSw0rd";"Customer";;"1";"CSV file";
"contact371";"contact371@nomail.org";;;;;;"George Strong";"Nares";"Herr";;;;;"+49 123 45 67 8";"+49 170 111 222 333";"-";"-";"HOCT";1;"PASSw0rd";"Customer";;"1";"CSV file";
"contact372";"contact372@nomail.org";;;;;;"Johann";"Natterer";"Herr";;;;;"+49 123 45 67 8";"+49 170 111 222 333";"-";"-";"SK24";1;"PASSw0rd";"Customer";;"1";"CSV file";
"contact373";"contact373@nomail.org";;;;;;"Jean";"Nicolet";"Herr";;;;;"+49 123 45 67 8";"+49 170 111 222 333";"-";"-";"FAK";1;"PASSw0rd";"Customer";;"1";"CSV file";
"contact374";"contact374@nomail.org";;;;;;"Carsten";"Niebuhr";"Herr";;;;;"+49 123 45 67 8";"+49 170 111 222 333";"-";"-";"TKS";1;"PASSw0rd";"Customer";;"1";"CSV file";
"contact375";"contact375@nomail.org";;;;;;"Joan";"Nieuhof";"Herr";;;;;"+49 123 45 67 8";"+49 170 111 222 333";"-";"-";"RLHAM";1;"PASSw0rd";"Customer";;"1";"CSV file";
"contact376";"contact376@nomail.org";;;;;;"Athanasius";"Nikitin";"Herr";;;;;"+49 123 45 67 8";"+49 170 111 222 333";"-";"-";"NGTWD";1;"PASSw0rd";"Customer";;"1";"CSV file";
"contact377";"contact377@nomail.org";;;;;;"Umberto";"Nobile";"Herr";;;;;"+49 123 45 67 8";"+49 170 111 222 333";"-";"-";"MHHS";1;"PASSw0rd";"Customer";;"1";"CSV file";
"contact378";"contact378@nomail.org";;;;;;"António";"Noli";"Herr";;;;;"+49 123 45 67 8";"+49 170 111 222 333";"-";"-";"WIW";1;"PASSw0rd";"Customer";;"1";"CSV file";
"contact379";"contact379@nomail.org";;;;;;"Olivier";"van Noort";"Herr";;;;;"+49 123 45 67 8";"+49 170 111 222 333";"-";"-";"FIT";1;"PASSw0rd";"Customer";;"1";"CSV file";
"contact380";"contact380@nomail.org";;;;;;"Adolf Erik";"Nordenskiöld";"Herr";;;;;"+49 123 45 67 8";"+49 170 111 222 333";"-";"-";"ALB";1;"PASSw0rd";"Customer";;"1";"CSV file";
"contact381";"contact381@nomail.org";;;;;;"Tenzing";"Norgay";"Herr";;;;;"+49 123 45 67 8";"+49 170 111 222 333";"-";"-";"DHZ";1;"PASSw0rd";"Customer";;"1";"CSV file";
"contact382";"contact382@nomail.org";;;;;;"Michel-Gabriel";"Paccard";"Herr";;;;;"+49 123 45 67 8";"+49 170 111 222 333";"-";"-";"KAFF";1;"PASSw0rd";"Customer";;"1";"CSV file";
"contact383";"contact383@nomail.org";;;;;;"John";"Palliser";"Herr";;;;;"+49 123 45 67 8";"+49 170 111 222 333";"-";"-";"MES";1;"PASSw0rd";"Customer";;"1";"CSV file";
"contact384";"contact384@nomail.org";;;;;;"Ignaz";"Pallme";"Herr";;;;;"+49 123 45 67 8";"+49 170 111 222 333";"-";"-";"LPS";1;"PASSw0rd";"Customer";;"1";"CSV file";
"contact385";"contact385@nomail.org";;;;;;"Nathaniel";"Palmer";"Herr";;;;;"+49 123 45 67 8";"+49 170 111 222 333";"-";"-";"BERC";1;"PASSw0rd";"Customer";;"1";"CSV file";
"contact386";"contact386@nomail.org";;;;;;"William Edward";"Parry";"Herr";;;;;"+49 123 45 67 8";"+49 170 111 222 333";"-";"-";"ERW";1;"PASSw0rd";"Customer";;"1";"CSV file";
"contact387";"contact387@nomail.org";;;;;;"Juanita";"Pastene";"Frau";;;;;"+49 123 45 67 8";"+49 170 111 222 333";"-";"-";"BWLC";1;"PASSw0rd";"Customer";;"1";"CSV file";
"contact388";"contact388@nomail.org";;;;;;"Julius";"Payer";"Herr";;;;;"+49 123 45 67 8";"+49 170 111 222 333";"-";"-";"HMG";1;"PASSw0rd";"Customer";;"1";"CSV file";
"contact389";"contact389@nomail.org";;;;;;"Robert Edwin";"Peary";"Herr";;;;;"+49 123 45 67 8";"+49 170 111 222 333";"-";"-";"MCC";1;"PASSw0rd";"Customer";;"1";"CSV file";
"contact390";"contact390@nomail.org";;;;;;"Eduard";"Pechuel-Loesche";"Herr";;;;;"+49 123 45 67 8";"+49 170 111 222 333";"-";"-";"HRMSHL";1;"PASSw0rd";"Customer";;"1";"CSV file";
"contact391";"contact391@nomail.org";;;;;;"Paula";"Pelliot";"Frau";;;;;"+49 123 45 67 8";"+49 170 111 222 333";"-";"-";"ITKOM";1;"PASSw0rd";"Customer";;"1";"CSV file";
"contact392";"contact392@nomail.org";;;;;;"Duarte Pacheco";"Pereira";"Herr";;;;;"+49 123 45 67 8";"+49 170 111 222 333";"-";"-";"MDI";1;"PASSw0rd";"Customer";;"1";"CSV file";
"contact393";"contact393@nomail.org";;;;;;"Bartolomeu";"Perestrelo";"Herr";;;;;"+49 123 45 67 8";"+49 170 111 222 333";"-";"-";"R2T2";1;"PASSw0rd";"Customer";;"1";"CSV file";
"contact394";"contact394@nomail.org";;;;;;"Jakow";"Permjakow";"Herr";;;;;"+49 123 45 67 8";"+49 170 111 222 333";"-";"-";"OSSI";1;"PASSw0rd";"Customer";;"1";"CSV file";
"contact395";"contact395@nomail.org";;;;;;"Fanny";"Péron";"Frau";;;;;"+49 123 45 67 8";"+49 170 111 222 333";"-";"-";"AMK";1;"PASSw0rd";"Customer";;"1";"CSV file";
"contact396";"contact396@nomail.org";;;;;;"Karl";"Peters";"Herr";;;;;"+49 123 45 67 8";"+49 170 111 222 333";"-";"-";"EMA";1;"PASSw0rd";"Customer";;"1";"CSV file";
"contact397";"contact397@nomail.org";;;;;;"Joachim Graf";"Pfeil";"Herr";;;;;"+49 123 45 67 8";"+49 170 111 222 333";"-";"-";"ACDC";1;"PASSw0rd";"Customer";;"1";"CSV file";
"contact398";"contact398@nomail.org";;;;;;"Auguste";"Piccard";"Herr";;;;;"+49 123 45 67 8";"+49 170 111 222 333";"-";"-";"OLOG";1;"PASSw0rd";"Customer";;"1";"CSV file";
"contact399";"contact399@nomail.org";;;;;;"Bertrand";"Piccard";"Herr";;;;;"+49 123 45 67 8";"+49 170 111 222 333";"-";"-";"OSG";1;"PASSw0rd";"Customer";;"1";"CSV file";
"contact400";"contact400@nomail.org";;;;;;"Jacques";"Piccard";"Herr";;;;;"+49 123 45 67 8";"+49 170 111 222 333";"-";"-";"SWG";1;"PASSw0rd";"Customer";;"1";"CSV file";
"contact401";"contact401@nomail.org";;;;;;"Antonio";"Pigafetta";"Herr";;;;;"+49 123 45 67 8";"+49 170 111 222 333";"-";"-";"CCSW";1;"PASSw0rd";"Customer";;"1";"CSV file";
"contact402";"contact402@nomail.org";;;;;;"Zebulon";"Pike";"Herr";;;;;"+49 123 45 67 8";"+49 170 111 222 333";"-";"-";"LEM";1;"PASSw0rd";"Customer";;"1";"CSV file";
"contact403";"contact403@nomail.org";;;;;;"Didrik";"Pining";"Herr";;;;;"+49 123 45 67 8";"+49 170 111 222 333";"-";"-";"HMS";1;"PASSw0rd";"Customer";;"1";"CSV file";
"contact404";"contact404@nomail.org";;;;;;"Martín Alonso";"Pinzón";"Herr";;;;;"+49 123 45 67 8";"+49 170 111 222 333";"-";"-";"PPFA";1;"PASSw0rd";"Customer";;"1";"CSV file";
"contact405";"contact405@nomail.org";;;;;;"Demid";"Pjanda";"Herr";;;;;"+49 123 45 67 8";"+49 170 111 222 333";"-";"-";"247L";1;"PASSw0rd";"Customer";;"1";"CSV file";
"contact406";"contact406@nomail.org";;;;;;"Rudolf";"Pöch";"Herr";;;;;"+49 123 45 67 8";"+49 170 111 222 333";"-";"-";"AVENT";1;"PASSw0rd";"Customer";;"1";"CSV file";
"contact407";"contact407@nomail.org";;;;;;"Eduard Friedrich";"Poeppig";"Herr";;;;;"+49 123 45 67 8";"+49 170 111 222 333";"-";"-";"HOCT";1;"PASSw0rd";"Customer";;"1";"CSV file";
"contact408";"contact408@nomail.org";;;;;;"Paul";"Pogge";"Herr";;;;;"+49 123 45 67 8";"+49 170 111 222 333";"-";"-";"SK24";1;"PASSw0rd";"Customer";;"1";"CSV file";
"contact409";"contact409@nomail.org";;;;;;"Marco";"Polo";"Herr";;;;;"+49 123 45 67 8";"+49 170 111 222 333";"-";"-";"FAK";1;"PASSw0rd";"Customer";;"1";"CSV file";
"contact410";"contact410@nomail.org";;;;;;"Peter";"Pond";"Herr";;;;;"+49 123 45 67 8";"+49 170 111 222 333";"-";"-";"TKS";1;"PASSw0rd";"Customer";;"1";"CSV file";
"contact411";"contact411@nomail.org";;;;;;"Hans";"Pothorst";"Herr";;;;;"+49 123 45 67 8";"+49 170 111 222 333";"-";"-";"RLHAM";1;"PASSw0rd";"Customer";;"1";"CSV file";
"contact412";"contact412@nomail.org";;;;;;"John Wesley";"Powell";"Herr";;;;;"+49 123 45 67 8";"+49 170 111 222 333";"-";"-";"NGTWD";1;"PASSw0rd";"Customer";;"1";"CSV file";
"contact413";"contact413@nomail.org";;;;;;"Nathaniel";"Pryor";"Herr";;;;;"+49 123 45 67 8";"+49 170 111 222 333";"-";"-";"MHHS";1;"PASSw0rd";"Customer";;"1";"CSV file";
"contact414";"contact414@nomail.org";;;;;;"Ludwig";"Purtscheller";"Herr";;;;;"+49 123 45 67 8";"+49 170 111 222 333";"-";"-";"WIW";1;"PASSw0rd";"Customer";;"1";"CSV file";
"contact415";"contact415@nomail.org";;;;;;"François";"Pyrard";"Herr";;;;;"+49 123 45 67 8";"+49 170 111 222 333";"-";"-";"FIT";1;"PASSw0rd";"Customer";;"1";"CSV file";
"contact417";"contact417@nomail.org";;;;;;"Zhang";"Qian";"Herr";;;;;"+49 123 45 67 8";"+49 170 111 222 333";"-";"-";"ALB";1;"PASSw0rd";"Customer";;"1";"CSV file";
"contact418";"contact418@nomail.org";;;;;;"Emil";"Racovita";"Herr";;;;;"+49 123 45 67 8";"+49 170 111 222 333";"-";"-";"DHZ";1;"PASSw0rd";"Customer";;"1";"CSV file";
"contact419";"contact419@nomail.org";;;;;;"John";"Rae";"Herr";;;;;"+49 123 45 67 8";"+49 170 111 222 333";"-";"-";"KAFF";1;"PASSw0rd";"Customer";;"1";"CSV file";
"contact420";"contact420@nomail.org";;;;;;"Wilhelma";"Raleigh";"Frau";;;;;"+49 123 45 67 8";"+49 170 111 222 333";"-";"-";"MES";1;"PASSw0rd";"Customer";;"1";"CSV file";
"contact421";"contact421@nomail.org";;;;;;"Raymond";"Rallier du Baty";"Herr";;;;;"+49 123 45 67 8";"+49 170 111 222 333";"-";"-";"LPS";1;"PASSw0rd";"Customer";;"1";"CSV file";
"contact422";"contact422@nomail.org";;;;;;"Leonhard";"Rauwolf";"Herr";;;;;"+49 123 45 67 8";"+49 170 111 222 333";"-";"-";"BERC";1;"PASSw0rd";"Customer";;"1";"CSV file";
"contact423";"contact423@nomail.org";;;;;;"Johannes";"Rebmann";"Herr";;;;;"+49 123 45 67 8";"+49 170 111 222 333";"-";"-";"ERW";1;"PASSw0rd";"Customer";;"1";"CSV file";
"contact424";"contact424@nomail.org";;;;;;"Paul";"Reichard";"Herr";;;;;"+49 123 45 67 8";"+49 170 111 222 333";"-";"-";"BWLC";1;"PASSw0rd";"Customer";;"1";"CSV file";
"contact425";"contact425@nomail.org";;;;;;"Andreas";"Reischek";"Herr";;;;;"+49 123 45 67 8";"+49 170 111 222 333";"-";"-";"HMG";1;"PASSw0rd";"Customer";;"1";"CSV file";
"contact426";"contact426@nomail.org";;;;;;"Wilhelm";"Reiß";"Herr";;;;;"+49 123 45 67 8";"+49 170 111 222 333";"-";"-";"MCC";1;"PASSw0rd";"Customer";;"1";"CSV file";
"contact427";"contact427@nomail.org";;;;;;"Matteo";"Ricci";"Herr";;;;;"+49 123 45 67 8";"+49 170 111 222 333";"-";"-";"HRMSHL";1;"PASSw0rd";"Customer";;"1";"CSV file";
"contact428";"contact428@nomail.org";;;;;;"James";"Richardson";"Herr";;;;;"+49 123 45 67 8";"+49 170 111 222 333";"-";"-";"ITKOM";1;"PASSw0rd";"Customer";;"1";"CSV file";
"contact429";"contact429@nomail.org";;;;;;"Alfred";"Ritscher";"Herr";;;;;"+49 123 45 67 8";"+49 170 111 222 333";"-";"-";"MDI";1;"PASSw0rd";"Customer";;"1";"CSV file";
"contact430";"contact430@nomail.org";;;;;;"Karla";"Binkmann";"Herr";;;;;"+49 123 45 67 8";"+49 170 111 222 333";"-";"-";"R2T2";1;"PASSw0rd";"Customer";;"1";"CSV file";
"contact431";"contact431@nomail.org";;;;;;"Joseph";"Rock";"Herr";;;;;"+49 123 45 67 8";"+49 170 111 222 333";"-";"-";"OSSI";1;"PASSw0rd";"Customer";;"1";"CSV file";
"contact432";"contact432@nomail.org";;;;;;"Diogo";"Rodrigues";"Herr";;;;;"+49 123 45 67 8";"+49 170 111 222 333";"-";"-";"AMK";1;"PASSw0rd";"Customer";;"1";"CSV file";
"contact433";"contact433@nomail.org";;;;;;"Jacob";"Roggeveen";"Herr";;;;;"+49 123 45 67 8";"+49 170 111 222 333";"-";"-";"EMA";1;"PASSw0rd";"Customer";;"1";"CSV file";
"contact434";"contact434@nomail.org";;;;;;"Gerhard";"Rohlfs";"Herr";;;;;"+49 123 45 67 8";"+49 170 111 222 333";"-";"-";"ACDC";1;"PASSw0rd";"Customer";;"1";"CSV file";
"contact435";"contact435@nomail.org";;;;;;"Cândido";"Rondon";"Herr";;;;;"+49 123 45 67 8";"+49 170 111 222 333";"-";"-";"OLOG";1;"PASSw0rd";"Customer";;"1";"CSV file";
"contact436";"contact436@nomail.org";;;;;;"Kermit";"Frosch";"Herr";;;;;"+49 123 45 67 8";"+49 170 111 222 333";"-";"-";"OSG";1;"PASSw0rd";"Customer";;"1";"CSV file";
"contact437";"contact437@nomail.org";;;;;;"Theodore";"Roosevelt";"Herr";;;;;"+49 123 45 67 8";"+49 170 111 222 333";"-";"-";"SWG";1;"PASSw0rd";"Customer";;"1";"CSV file";
"contact438";"contact438@nomail.org";;;;;;"Albrecht";"Roscher";"Herr";;;;;"+49 123 45 67 8";"+49 170 111 222 333";"-";"-";"CCSW";1;"PASSw0rd";"Customer";;"1";"CSV file";
"contact439";"contact439@nomail.org";;;;;;"Fedor";"Rosmyslow";"Herr";;;;;"+49 123 45 67 8";"+49 170 111 222 333";"-";"-";"LEM";1;"PASSw0rd";"Customer";;"1";"CSV file";
"contact440";"contact440@nomail.org";;;;;;"James";"Ross";"Herr";;;;;"+49 123 45 67 8";"+49 170 111 222 333";"-";"-";"HMS";1;"PASSw0rd";"Customer";;"1";"CSV file";
"contact441";"contact441@nomail.org";;;;;;"Carl";"Schrader";"Herr";;;;;"+49 123 45 67 8";"+49 170 111 222 333";"-";"-";"PPFA";1;"PASSw0rd";"Customer";;"1";"CSV file";
"contact442";"contact442@nomail.org";;;;;;"Johannes";"Scolvus";"Herr";;;;;"+49 123 45 67 8";"+49 170 111 222 333";"-";"-";"247L";1;"PASSw0rd";"Customer";;"1";"CSV file";
"contact443";"contact443@nomail.org";;;;;;"William";"Scoresby";"Herr";;;;;"+49 123 45 67 8";"+49 170 111 222 333";"-";"-";"AVENT";1;"PASSw0rd";"Customer";;"1";"CSV file";
"contact444";"contact444@nomail.org";;;;;;"Robert Falcon";"Scott";"Herr";;;;;"+49 123 45 67 8";"+49 170 111 222 333";"-";"-";"HOCT";1;"PASSw0rd";"Customer";;"1";"CSV file";
"contact445";"contact445@nomail.org";;;;;;"Berthold";"Seemann";"Herr";;;;;"+49 123 45 67 8";"+49 170 111 222 333";"-";"-";"SK24";1;"PASSw0rd";"Customer";;"1";"CSV file";
"contact446";"contact446@nomail.org";;;;;;"Maria";"Seljan";"Frau";;;;;"+49 123 45 67 8";"+49 170 111 222 333";"-";"-";"FAK";1;"PASSw0rd";"Customer";;"1";"CSV file";
"contact447";"contact447@nomail.org";;;;;;"Stjepan";"Seljan";"Herr";;;;;"+49 123 45 67 8";"+49 170 111 222 333";"-";"-";"TKS";1;"PASSw0rd";"Customer";;"1";"CSV file";
"contact448";"contact448@nomail.org";;;;;;"Alexander";"Selkirk";"Herr";;;;;"+49 123 45 67 8";"+49 170 111 222 333";"-";"-";"RLHAM";1;"PASSw0rd";"Customer";;"1";"CSV file";
"contact449";"contact449@nomail.org";;;;;;"Ernest Henry";"Shackleton";"Herr";;;;;"+49 123 45 67 8";"+49 170 111 222 333";"-";"-";"NGTWD";1;"PASSw0rd";"Customer";;"1";"CSV file";
"contact450";"contact450@nomail.org";;;;;;"Hoei China";"Shin";"Herr";;;;;"+49 123 45 67 8";"+49 170 111 222 333";"-";"-";"MHHS";1;"PASSw0rd";"Customer";;"1";"CSV file";
"contact451";"contact451@nomail.org";;;;;;"Eric";"Shipton";"Herr";;;;;"+49 123 45 67 8";"+49 170 111 222 333";"-";"-";"WIW";1;"PASSw0rd";"Customer";;"1";"CSV file";
"contact452";"contact452@nomail.org";;;;;;"Nain";"Singh";"Herr";;;;;"+49 123 45 67 8";"+49 170 111 222 333";"-";"-";"FIT";1;"PASSw0rd";"Customer";;"1";"CSV file";
"contact453";"contact453@nomail.org";;;;;;"Paul";"Siple";"Herr";;;;;"+49 123 45 67 8";"+49 170 111 222 333";"-";"-";"ALB";1;"PASSw0rd";"Customer";;"1";"CSV file";
"contact454";"contact454@nomail.org";;;;;;"Rudolf";"Slatin";"Herr";;;;;"+49 123 45 67 8";"+49 170 111 222 333";"-";"-";"DHZ";1;"PASSw0rd";"Customer";;"1";"CSV file";
"contact455";"contact455@nomail.org";;;;;;"Joshua";"Slocum";"Herr";;;;;"+49 123 45 67 8";"+49 170 111 222 333";"-";"-";"KAFF";1;"PASSw0rd";"Customer";;"1";"CSV file";
"contact456";"contact456@nomail.org";;;;;;"William";"Smith";"Herr";;;;;"+49 123 45 67 8";"+49 170 111 222 333";"-";"-";"MES";1;"PASSw0rd";"Customer";;"1";"CSV file";
"contact457";"contact457@nomail.org";;;;;;"Hermann";"Soyaux";"Herr";;;;;"+49 123 45 67 8";"+49 170 111 222 333";"-";"-";"LPS";1;"PASSw0rd";"Customer";;"1";"CSV file";
"contact458";"contact458@nomail.org";;;;;;"Herman";"Spöring";"Herr";;;;;"+49 123 45 67 8";"+49 170 111 222 333";"-";"-";"BERC";1;"PASSw0rd";"Customer";;"1";"CSV file";
"contact459";"contact459@nomail.org";;;;;;"William";"Stairs";"Herr";;;;;"+49 123 45 67 8";"+49 170 111 222 333";"-";"-";"ERW";1;"PASSw0rd";"Customer";;"1";"CSV file";
"contact460";"contact460@nomail.org";;;;;;"Vilhjalmur";"Stefansson";"Herr";;;;;"+49 123 45 67 8";"+49 170 111 222 333";"-";"-";"BWLC";1;"PASSw0rd";"Customer";;"1";"CSV file";
"contact461";"contact461@nomail.org";;;;;;"Marc Aurel";"Stein";"Herr";;;;;"+49 123 45 67 8";"+49 170 111 222 333";"-";"-";"HMG";1;"PASSw0rd";"Customer";;"1";"CSV file";
"contact462";"contact462@nomail.org";;;;;;"Hazard";"Stevens";"Herr";;;;;"+49 123 45 67 8";"+49 170 111 222 333";"-";"-";"MCC";1;"PASSw0rd";"Customer";;"1";"CSV file";
"contact463";"contact463@nomail.org";;;;;;"William";"Stewart";"Herr";;;;;"+49 123 45 67 8";"+49 170 111 222 333";"-";"-";"HRMSHL";1;"PASSw0rd";"Customer";;"1";"CSV file";
"contact464";"contact464@nomail.org";;;;;;"Charles";"Sturt";"Herr";;;;;"+49 123 45 67 8";"+49 170 111 222 333";"-";"-";"ITKOM";1;"PASSw0rd";"Customer";;"1";"CSV file";
"contact465";"contact465@nomail.org";;;;;;"Otto";"Sverdrup";"Herr";;;;;"+49 123 45 67 8";"+49 170 111 222 333";"-";"-";"MDI";1;"PASSw0rd";"Customer";;"1";"CSV file";
"contact466";"contact466@nomail.org";;;;;;"Katharina";"Szentmartony";"Frau";;;;;"+49 123 45 67 8";"+49 170 111 222 333";"-";"-";"R2T2";1;"PASSw0rd";"Customer";;"1";"CSV file";
"contact467";"contact467@nomail.org";;;;;;"Shosuke";"Tanaka";"Herr";;;;;"+49 123 45 67 8";"+49 170 111 222 333";"-";"-";"OSSI";1;"PASSw0rd";"Customer";;"1";"CSV file";
"contact468";"contact468@nomail.org";;;;;;"Hans";"Tappenbeck";"Herr";;;;;"+49 123 45 67 8";"+49 170 111 222 333";"-";"-";"AMK";1;"PASSw0rd";"Customer";;"1";"CSV file";
"contact469";"contact469@nomail.org";;;;;;"Abel";"Tasman";"Herr";;;;;"+49 123 45 67 8";"+49 170 111 222 333";"-";"-";"EMA";1;"PASSw0rd";"Customer";;"1";"CSV file";
"contact470";"contact470@nomail.org";;;;;;"Jean-Baptiste";"Tavernier";"Herr";;;;;"+49 123 45 67 8";"+49 170 111 222 333";"-";"-";"ACDC";1;"PASSw0rd";"Customer";;"1";"CSV file";
"contact471";"contact471@nomail.org";;;;;;"Pedro";"Texeira";"Herr";;;;;"+49 123 45 67 8";"+49 170 111 222 333";"-";"-";"OLOG";1;"PASSw0rd";"Customer";;"1";"CSV file";
"contact472";"contact472@nomail.org";;;;;;"Wilfred";"Thesiger";"Herr";;;;;"+49 123 45 67 8";"+49 170 111 222 333";"-";"-";"OSG";1;"PASSw0rd";"Customer";;"1";"CSV file";
"contact473";"contact473@nomail.org";;;;;;"Charles";"Thomson";"Herr";;;;;"+49 123 45 67 8";"+49 170 111 222 333";"-";"-";"SWG";1;"PASSw0rd";"Customer";;"1";"CSV file";
"contact474";"contact474@nomail.org";;;;;;"Alexandrine";"Tinné";"Frau";;;;;"+49 123 45 67 8";"+49 170 111 222 333";"-";"-";"CCSW";1;"PASSw0rd";"Customer";;"1";"CSV file";
"contact475";"contact475@nomail.org";;;;;;"Eduard";"Toll";"Herr";;;;;"+49 123 45 67 8";"+49 170 111 222 333";"-";"-";"LEM";1;"PASSw0rd";"Customer";;"1";"CSV file";
"contact476";"contact476@nomail.org";;;;;;"William Fraser";"Tolmie";"Herr";;;;;"+49 123 45 67 8";"+49 170 111 222 333";"-";"-";"HMS";1;"PASSw0rd";"Customer";;"1";"CSV file";
"contact477";"contact477@nomail.org";;;;;;"Suzy";"Treich-Laplene";"Frau";;;;;"+49 123 45 67 8";"+49 170 111 222 333";"-";"-";"PPFA";1;"PASSw0rd";"Customer";;"1";"CSV file";
"contact478";"contact478@nomail.org";;;;;;"Nuno";"Tristão";"Herr";;;;;"+49 123 45 67 8";"+49 170 111 222 333";"-";"-";"247L";1;"PASSw0rd";"Customer";;"1";"CSV file";
"contact479";"contact479@nomail.org";;;;;;"Katja";"Tscheljuskin";"Frau";;;;;"+49 123 45 67 8";"+49 170 111 222 333";"-";"-";"AVENT";1;"PASSw0rd";"Customer";;"1";"CSV file";
"contact480";"contact480@nomail.org";;;;;;"George";"Vancouver";"Herr";;;;;"+49 123 45 67 8";"+49 170 111 222 333";"-";"-";"HOCT";1;"PASSw0rd";"Customer";;"1";"CSV file";
"contact481";"contact481@nomail.org";;;;;;"Amerigo";"Vespucci";"Herr";;;;;"+49 123 45 67 8";"+49 170 111 222 333";"-";"-";"SK24";1;"PASSw0rd";"Customer";;"1";"CSV file";
"contact482";"contact482@nomail.org";;;;;;"Guido";"Vivaldi";"Herr";;;;;"+49 123 45 67 8";"+49 170 111 222 333";"-";"-";"FAK";1;"PASSw0rd";"Customer";;"1";"CSV file";
"contact483";"contact483@nomail.org";;;;;;"Ugolino";"Vivaldi";"Herr";;;;;"+49 123 45 67 8";"+49 170 111 222 333";"-";"-";"TKS";1;"PASSw0rd";"Customer";;"1";"CSV file";
"contact484";"contact484@nomail.org";;;;;;"Sebastián";"Vizcaíno";"Herr";;;;;"+49 123 45 67 8";"+49 170 111 222 333";"-";"-";"RLHAM";1;"PASSw0rd";"Customer";;"1";"CSV file";
"contact485";"contact485@nomail.org";;;;;;"Eduard";"Vogel";"Herr";;;;;"+49 123 45 67 8";"+49 170 111 222 333";"-";"-";"NGTWD";1;"PASSw0rd";"Customer";;"1";"CSV file";
"contact486";"contact486@nomail.org";;;;;;"Silke";"Karyanda";"Frau";;;;;"+49 123 45 67 8";"+49 170 111 222 333";"-";"-";"MHHS";1;"PASSw0rd";"Customer";;"1";"CSV file";
"contact487";"contact487@nomail.org";;;;;;"Moritz";"Wagner";"Herr";;;;;"+49 123 45 67 8";"+49 170 111 222 333";"-";"-";"WIW";1;"PASSw0rd";"Customer";;"1";"CSV file";
"contact488";"contact488@nomail.org";;;;;;"William";"Wakefield";"Herr";;;;;"+49 123 45 67 8";"+49 170 111 222 333";"-";"-";"FIT";1;"PASSw0rd";"Customer";;"1";"CSV file";
"contact489";"contact489@nomail.org";;;;;;"Jean-Frédéric";"Waldeck";"Herr";;;;;"+49 123 45 67 8";"+49 170 111 222 333";"-";"-";"ALB";1;"PASSw0rd";"Customer";;"1";"CSV file";
"contact490";"contact490@nomail.org";;;;;;"Joseph";"Walker";"Herr";;;;;"+49 123 45 67 8";"+49 170 111 222 333";"-";"-";"DHZ";1;"PASSw0rd";"Customer";;"1";"CSV file";
"contact491";"contact491@nomail.org";;;;;;"Samuel";"Wallis";"Herr";;;;;"+49 123 45 67 8";"+49 170 111 222 333";"-";"-";"KAFF";1;"PASSw0rd";"Customer";;"1";"CSV file";
"contact492";"contact492@nomail.org";;;;;;"Peter";"Warburton";"Herr";;;;;"+49 123 45 67 8";"+49 170 111 222 333";"-";"-";"MES";1;"PASSw0rd";"Customer";;"1";"CSV file";
"contact493";"contact493@nomail.org";;;;;;"Christiane";"Warner";"Frau";;;;;"+49 123 45 67 8";"+49 170 111 222 333";"-";"-";"LPS";1;"PASSw0rd";"Customer";;"1";"CSV file";
"contact494";"contact494@nomail.org";;;;;;"James";"Weddell";"Herr";;;;;"+49 123 45 67 8";"+49 170 111 222 333";"-";"-";"BERC";1;"PASSw0rd";"Customer";;"1";"CSV file";
"contact495";"contact495@nomail.org";;;;;;"Alfred";"Wegener";"Herr";;;;;"+49 123 45 67 8";"+49 170 111 222 333";"-";"-";"ERW";1;"PASSw0rd";"Customer";;"1";"CSV file";
"contact496";"contact496@nomail.org";;;;;;"Tina";"Welwitsch";"Frau";;;;;"+49 123 45 67 8";"+49 170 111 222 333";"-";"-";"BWLC";1;"PASSw0rd";"Customer";;"1";"CSV file";
"contact497";"contact497@nomail.org";;;;;;"Anna";"Weyprecht";"Frau";;;;;"+49 123 45 67 8";"+49 170 111 222 333";"-";"-";"HMG";1;"PASSw0rd";"Customer";;"1";"CSV file";
"contact498";"contact498@nomail.org";;;;;;"Eliza";"Whymper";"Frau";;;;;"+49 123 45 67 8";"+49 170 111 222 333";"-";"-";"MCC";1;"PASSw0rd";"Customer";;"1";"CSV file";
"contact499";"contact499@nomail.org";;;;;;"Sabine";"Wild";"Frau";;;;;"+49 123 45 67 8";"+49 170 111 222 333";"-";"-";"HRMSHL";1;"PASSw0rd";"Customer";;"1";"CSV file";
"contact500";"contact500@nomail.org";;;;;;"Charlotte";"Wilkes";"Frau";;;;;"+49 123 45 67 8";"+49 170 111 222 333";"-";"-";"ITKOM";1;"PASSw0rd";"Customer";;"1";"CSV file";
"contact501";"contact501@nomail.org";;;;;;"Hubert";"Wilkins";"Herr";;;;;"+49 123 45 67 8";"+49 170 111 222 333";"-";"-";"MDI";1;"PASSw0rd";"Customer";;"1";"CSV file";
"contact502";"contact502@nomail.org";;;;;;"Boris Andrejewitsch";"Wilkizki";"Herr";;;;;"+49 123 45 67 8";"+49 170 111 222 333";"-";"-";"R2T2";1;"PASSw0rd";"Customer";;"1";"CSV file";
"contact503";"contact503@nomail.org";;;;;;"Hugh";"Willoughby";"Herr";;;;;"+49 123 45 67 8";"+49 170 111 222 333";"-";"-";"OSSI";1;"PASSw0rd";"Customer";;"1";"CSV file";
"contact504";"contact504@nomail.org";;;;;;"William John";"Wills";"Herr";;;;;"+49 123 45 67 8";"+49 170 111 222 333";"-";"-";"AMK";1;"PASSw0rd";"Customer";;"1";"CSV file";
"contact505";"contact505@nomail.org";;;;;;"Edward";"Wilson";"Herr";;;;;"+49 123 45 67 8";"+49 170 111 222 333";"-";"-";"EMA";1;"PASSw0rd";"Customer";;"1";"CSV file";
"contact506";"contact506@nomail.org";;;;;;"Nicolaas";"Witsen";"Herr";;;;;"+49 123 45 67 8";"+49 170 111 222 333";"-";"-";"ACDC";1;"PASSw0rd";"Customer";;"1";"CSV file";
"contact507";"contact507@nomail.org";;;;;;"Frank";"Worsley";"Herr";;;;;"+49 123 45 67 8";"+49 170 111 222 333";"-";"-";"OLOG";1;"PASSw0rd";"Customer";;"1";"CSV file";
"contact508";"contact508@nomail.org";;;;;;"Nagasama";"Yamada";"Herr";;;;;"+49 123 45 67 8";"+49 170 111 222 333";"-";"-";"OSG";1;"PASSw0rd";"Customer";;"1";"CSV file";
"contact509";"contact509@nomail.org";;;;;;"Edward";"Young";"Herr";;;;;"+49 123 45 67 8";"+49 170 111 222 333";"-";"-";"SWG";1;"PASSw0rd";"Customer";;"1";"CSV file";
"contact510";"contact510@nomail.org";;;;;;"John Augustine";"Zahm";"Herr";;;;;"+49 123 45 67 8";"+49 170 111 222 333";"-";"-";"CCSW";1;"PASSw0rd";"Customer";;"1";"CSV file";
"contact511";"contact511@nomail.org";;;;;;"João Gonçalves";"Zarco";"Herr";;;;;"+49 123 45 67 8";"+49 170 111 222 333";"-";"-";"LEM";1;"PASSw0rd";"Customer";;"1";"CSV file";
"contact512";"contact512@nomail.org";;;;;;"Eugen";"Zintgraff";"Herr";;;;;"+49 123 45 67 8";"+49 170 111 222 333";"-";"-";"HMS";1;"PASSw0rd";"Customer";;"1";"CSV file";
"contact513";"contact513@nomail.org";;;;;;"Hugo";"Zöller";"Herr";;;;;"+49 123 45 67 8";"+49 170 111 222 333";"-";"-";"PPFA";1;"PASSw0rd";"Customer";;"1";"CSV file";
"contact514";"contact514@nomail.org";;;;;;"Heinrich";"Zollinger";"Herr";;;;;"+49 123 45 67 8";"+49 170 111 222 333";"-";"-";"247L";1;"PASSw0rd";"Customer";;"1";"CSV file";
"contact515";"contact515@nomail.org";;;;;;"Matthias";"Zurbriggen";"Herr";;;;;"+49 123 45 67 8";"+49 170 111 222 333";"-";"-";"AVENT";1;"PASSw0rd";"Customer";;"1";"CSV file";
"contact516";"contact516@nomail.org";;;;;;"Josua";"Zweifel";"Herr";;;;;"+49 123 45 67 8";"+49 170 111 222 333";"-";"-";"HOCT";1;"PASSw0rd";"Customer";;"1";"CSV file";
